source_image,relative_image,upload_image
C:\Users\nibre\Desktop\PyrOne\smoke_dataset\data\frames_thermal_batch_01\DJI_20260326174236_0001_T\DJI_20260326174236_0001_T_f000000_t000000.00s.jpg,DJI_20260326174236_0001_T\DJI_20260326174236_0001_T_f000000_t000000.00s.jpg,dji_20260326174236_0001_t__dji_20260326174236_0001_t_f000000_t000000_00s.jpg
C:\Users\nibre\Desktop\PyrOne\smoke_dataset\data\frames_thermal_batch_01\DJI_20260326174236_0001_T\DJI_20260326174236_0001_T_f000060_t000002.00s.jpg,DJI_20260326174236_0001_T\DJI_20260326174236_0001_T_f000060_t000002.00s.jpg,dji_20260326174236_0001_t__dji_20260326174236_0001_t_f000060_t000002_00s.jpg
C:\Users\nibre\Desktop\PyrOne\smoke_dataset\data\frames_thermal_batch_01\DJI_20260326174236_0001_T\DJI_20260326174236_0001_T_f000120_t000004.00s.jpg,DJI_20260326174236_0001_T\DJI_20260326174236_0001_T_f000120_t000004.00s.jpg,dji_20260326174236_0001_t__dji_20260326174236_0001_t_f000120_t000004_00s.jpg
C:\Users\nibre\Desktop\PyrOne\smoke_dataset\data\frames_thermal_batch_01\DJI_20260326174236_0001_T\DJI_20260326174236_0001_T_f000180_t000006.00s.jpg,DJI_20260326174236_0001_T\DJI_20260326174236_0001_T_f000180_t000006.00s.jpg,dji_20260326174236_0001_t__dji_20260326174236_0001_t_f000180_t000006_00s.jpg
C:\Users\nibre\Desktop\PyrOne\smoke_dataset\data\frames_thermal_batch_01\DJI_20260326174236_0001_T\DJI_20260326174236_0001_T_f000240_t000008.00s.jpg,DJI_20260326174236_0001_T\DJI_20260326174236_0001_T_f000240_t000008.00s.jpg,dji_20260326174236_0001_t__dji_20260326174236_0001_t_f000240_t000008_00s.jpg
C:\Users\nibre\Desktop\PyrOne\smoke_dataset\data\frames_thermal_batch_01\DJI_20260326174236_0001_T\DJI_20260326174236_0001_T_f000300_t000010.00s.jpg,DJI_20260326174236_0001_T\DJI_20260326174236_0001_T_f000300_t000010.00s.jpg,dji_20260326174236_0001_t__dji_20260326174236_0001_t_f000300_t000010_00s.jpg
C:\Users\nibre\Desktop\PyrOne\smoke_dataset\data\frames_thermal_batch_01\DJI_20260326174236_0001_T\DJI_20260326174236_0001_T_f000360_t000012.00s.jpg,DJI_20260326174236_0001_T\DJI_20260326174236_0001_T_f000360_t000012.00s.jpg,dji_20260326174236_0001_t__dji_20260326174236_0001_t_f000360_t000012_00s.jpg
C:\Users\nibre\Desktop\PyrOne\smoke_dataset\data\frames_thermal_batch_01\DJI_20260326174236_0001_T\DJI_20260326174236_0001_T_f000420_t000014.00s.jpg,DJI_20260326174236_0001_T\DJI_20260326174236_0001_T_f000420_t000014.00s.jpg,dji_20260326174236_0001_t__dji_20260326174236_0001_t_f000420_t000014_00s.jpg
C:\Users\nibre\Desktop\PyrOne\smoke_dataset\data\frames_thermal_batch_01\DJI_20260326174236_0001_T\DJI_20260326174236_0001_T_f000480_t000016.00s.jpg,DJI_20260326174236_0001_T\DJI_20260326174236_0001_T_f000480_t000016.00s.jpg,dji_20260326174236_0001_t__dji_20260326174236_0001_t_f000480_t000016_00s.jpg
C:\Users\nibre\Desktop\PyrOne\smoke_dataset\data\frames_thermal_batch_01\DJI_20260326174236_0001_T\DJI_20260326174236_0001_T_f000540_t000018.00s.jpg,DJI_20260326174236_0001_T\DJI_20260326174236_0001_T_f000540_t000018.00s.jpg,dji_20260326174236_0001_t__dji_20260326174236_0001_t_f000540_t000018_00s.jpg
C:\Users\nibre\Desktop\PyrOne\smoke_dataset\data\frames_thermal_batch_01\DJI_20260326174236_0001_T\DJI_20260326174236_0001_T_f000600_t000020.00s.jpg,DJI_20260326174236_0001_T\DJI_20260326174236_0001_T_f000600_t000020.00s.jpg,dji_20260326174236_0001_t__dji_20260326174236_0001_t_f000600_t000020_00s.jpg
C:\Users\nibre\Desktop\PyrOne\smoke_dataset\data\frames_thermal_batch_01\DJI_20260326174236_0001_T\DJI_20260326174236_0001_T_f000660_t000022.00s.jpg,DJI_20260326174236_0001_T\DJI_20260326174236_0001_T_f000660_t000022.00s.jpg,dji_20260326174236_0001_t__dji_20260326174236_0001_t_f000660_t000022_00s.jpg
C:\Users\nibre\Desktop\PyrOne\smoke_dataset\data\frames_thermal_batch_01\DJI_20260326174236_0001_T\DJI_20260326174236_0001_T_f000720_t000024.00s.jpg,DJI_20260326174236_0001_T\DJI_20260326174236_0001_T_f000720_t000024.00s.jpg,dji_20260326174236_0001_t__dji_20260326174236_0001_t_f000720_t000024_00s.jpg
C:\Users\nibre\Desktop\PyrOne\smoke_dataset\data\frames_thermal_batch_01\DJI_20260326174236_0001_T\DJI_20260326174236_0001_T_f000780_t000026.00s.jpg,DJI_20260326174236_0001_T\DJI_20260326174236_0001_T_f000780_t000026.00s.jpg,dji_20260326174236_0001_t__dji_20260326174236_0001_t_f000780_t000026_00s.jpg
C:\Users\nibre\Desktop\PyrOne\smoke_dataset\data\frames_thermal_batch_01\DJI_20260326174236_0001_T\DJI_20260326174236_0001_T_f000840_t000028.00s.jpg,DJI_20260326174236_0001_T\DJI_20260326174236_0001_T_f000840_t000028.00s.jpg,dji_20260326174236_0001_t__dji_20260326174236_0001_t_f000840_t000028_00s.jpg
C:\Users\nibre\Desktop\PyrOne\smoke_dataset\data\frames_thermal_batch_01\DJI_20260326174236_0001_T\DJI_20260326174236_0001_T_f000900_t000030.00s.jpg,DJI_20260326174236_0001_T\DJI_20260326174236_0001_T_f000900_t000030.00s.jpg,dji_20260326174236_0001_t__dji_20260326174236_0001_t_f000900_t000030_00s.jpg
C:\Users\nibre\Desktop\PyrOne\smoke_dataset\data\frames_thermal_batch_01\DJI_20260326174236_0001_T\DJI_20260326174236_0001_T_f000960_t000032.00s.jpg,DJI_20260326174236_0001_T\DJI_20260326174236_0001_T_f000960_t000032.00s.jpg,dji_20260326174236_0001_t__dji_20260326174236_0001_t_f000960_t000032_00s.jpg
C:\Users\nibre\Desktop\PyrOne\smoke_dataset\data\frames_thermal_batch_01\DJI_20260326174236_0001_T\DJI_20260326174236_0001_T_f001020_t000034.00s.jpg,DJI_20260326174236_0001_T\DJI_20260326174236_0001_T_f001020_t000034.00s.jpg,dji_20260326174236_0001_t__dji_20260326174236_0001_t_f001020_t000034_00s.jpg
C:\Users\nibre\Desktop\PyrOne\smoke_dataset\data\frames_thermal_batch_01\DJI_20260326174236_0001_T\DJI_20260326174236_0001_T_f001080_t000036.00s.jpg,DJI_20260326174236_0001_T\DJI_20260326174236_0001_T_f001080_t000036.00s.jpg,dji_20260326174236_0001_t__dji_20260326174236_0001_t_f001080_t000036_00s.jpg
C:\Users\nibre\Desktop\PyrOne\smoke_dataset\data\frames_thermal_batch_01\DJI_20260326174236_0001_T\DJI_20260326174236_0001_T_f001140_t000038.00s.jpg,DJI_20260326174236_0001_T\DJI_20260326174236_0001_T_f001140_t000038.00s.jpg,dji_20260326174236_0001_t__dji_20260326174236_0001_t_f001140_t000038_00s.jpg
C:\Users\nibre\Desktop\PyrOne\smoke_dataset\data\frames_thermal_batch_01\DJI_20260326174236_0001_T\DJI_20260326174236_0001_T_f001200_t000040.00s.jpg,DJI_20260326174236_0001_T\DJI_20260326174236_0001_T_f001200_t000040.00s.jpg,dji_20260326174236_0001_t__dji_20260326174236_0001_t_f001200_t000040_00s.jpg
C:\Users\nibre\Desktop\PyrOne\smoke_dataset\data\frames_thermal_batch_01\DJI_20260326174236_0001_T\DJI_20260326174236_0001_T_f001260_t000042.00s.jpg,DJI_20260326174236_0001_T\DJI_20260326174236_0001_T_f001260_t000042.00s.jpg,dji_20260326174236_0001_t__dji_20260326174236_0001_t_f001260_t000042_00s.jpg
C:\Users\nibre\Desktop\PyrOne\smoke_dataset\data\frames_thermal_batch_01\DJI_20260326174236_0001_T\DJI_20260326174236_0001_T_f001320_t000044.00s.jpg,DJI_20260326174236_0001_T\DJI_20260326174236_0001_T_f001320_t000044.00s.jpg,dji_20260326174236_0001_t__dji_20260326174236_0001_t_f001320_t000044_00s.jpg
C:\Users\nibre\Desktop\PyrOne\smoke_dataset\data\frames_thermal_batch_01\DJI_20260326174236_0001_T\DJI_20260326174236_0001_T_f001560_t000052.00s.jpg,DJI_20260326174236_0001_T\DJI_20260326174236_0001_T_f001560_t000052.00s.jpg,dji_20260326174236_0001_t__dji_20260326174236_0001_t_f001560_t000052_00s.jpg
C:\Users\nibre\Desktop\PyrOne\smoke_dataset\data\frames_thermal_batch_01\DJI_20260326174236_0001_T\DJI_20260326174236_0001_T_f001620_t000054.00s.jpg,DJI_20260326174236_0001_T\DJI_20260326174236_0001_T_f001620_t000054.00s.jpg,dji_20260326174236_0001_t__dji_20260326174236_0001_t_f001620_t000054_00s.jpg
C:\Users\nibre\Desktop\PyrOne\smoke_dataset\data\frames_thermal_batch_01\DJI_20260326174236_0001_T\DJI_20260326174236_0001_T_f001680_t000056.00s.jpg,DJI_20260326174236_0001_T\DJI_20260326174236_0001_T_f001680_t000056.00s.jpg,dji_20260326174236_0001_t__dji_20260326174236_0001_t_f001680_t000056_00s.jpg
C:\Users\nibre\Desktop\PyrOne\smoke_dataset\data\frames_thermal_batch_01\DJI_20260326174236_0001_T\DJI_20260326174236_0001_T_f001740_t000058.00s.jpg,DJI_20260326174236_0001_T\DJI_20260326174236_0001_T_f001740_t000058.00s.jpg,dji_20260326174236_0001_t__dji_20260326174236_0001_t_f001740_t000058_00s.jpg
C:\Users\nibre\Desktop\PyrOne\smoke_dataset\data\frames_thermal_batch_01\DJI_20260326174236_0001_T\DJI_20260326174236_0001_T_f001800_t000060.00s.jpg,DJI_20260326174236_0001_T\DJI_20260326174236_0001_T_f001800_t000060.00s.jpg,dji_20260326174236_0001_t__dji_20260326174236_0001_t_f001800_t000060_00s.jpg
C:\Users\nibre\Desktop\PyrOne\smoke_dataset\data\frames_thermal_batch_01\DJI_20260326174236_0001_T\DJI_20260326174236_0001_T_f001860_t000062.00s.jpg,DJI_20260326174236_0001_T\DJI_20260326174236_0001_T_f001860_t000062.00s.jpg,dji_20260326174236_0001_t__dji_20260326174236_0001_t_f001860_t000062_00s.jpg
C:\Users\nibre\Desktop\PyrOne\smoke_dataset\data\frames_thermal_batch_01\DJI_20260326174236_0001_T\DJI_20260326174236_0001_T_f001920_t000064.00s.jpg,DJI_20260326174236_0001_T\DJI_20260326174236_0001_T_f001920_t000064.00s.jpg,dji_20260326174236_0001_t__dji_20260326174236_0001_t_f001920_t000064_00s.jpg
C:\Users\nibre\Desktop\PyrOne\smoke_dataset\data\frames_thermal_batch_01\DJI_20260326174236_0001_T\DJI_20260326174236_0001_T_f001980_t000066.00s.jpg,DJI_20260326174236_0001_T\DJI_20260326174236_0001_T_f001980_t000066.00s.jpg,dji_20260326174236_0001_t__dji_20260326174236_0001_t_f001980_t000066_00s.jpg
C:\Users\nibre\Desktop\PyrOne\smoke_dataset\data\frames_thermal_batch_01\DJI_20260326174236_0001_T\DJI_20260326174236_0001_T_f002040_t000068.00s.jpg,DJI_20260326174236_0001_T\DJI_20260326174236_0001_T_f002040_t000068.00s.jpg,dji_20260326174236_0001_t__dji_20260326174236_0001_t_f002040_t000068_00s.jpg
C:\Users\nibre\Desktop\PyrOne\smoke_dataset\data\frames_thermal_batch_01\DJI_20260326174236_0001_T\DJI_20260326174236_0001_T_f002100_t000070.00s.jpg,DJI_20260326174236_0001_T\DJI_20260326174236_0001_T_f002100_t000070.00s.jpg,dji_20260326174236_0001_t__dji_20260326174236_0001_t_f002100_t000070_00s.jpg
C:\Users\nibre\Desktop\PyrOne\smoke_dataset\data\frames_thermal_batch_01\DJI_20260326174236_0001_T\DJI_20260326174236_0001_T_f002160_t000072.00s.jpg,DJI_20260326174236_0001_T\DJI_20260326174236_0001_T_f002160_t000072.00s.jpg,dji_20260326174236_0001_t__dji_20260326174236_0001_t_f002160_t000072_00s.jpg
C:\Users\nibre\Desktop\PyrOne\smoke_dataset\data\frames_thermal_batch_01\DJI_20260326174236_0001_T\DJI_20260326174236_0001_T_f002280_t000076.00s.jpg,DJI_20260326174236_0001_T\DJI_20260326174236_0001_T_f002280_t000076.00s.jpg,dji_20260326174236_0001_t__dji_20260326174236_0001_t_f002280_t000076_00s.jpg
C:\Users\nibre\Desktop\PyrOne\smoke_dataset\data\frames_thermal_batch_01\DJI_20260326174236_0001_T\DJI_20260326174236_0001_T_f002460_t000082.00s.jpg,DJI_20260326174236_0001_T\DJI_20260326174236_0001_T_f002460_t000082.00s.jpg,dji_20260326174236_0001_t__dji_20260326174236_0001_t_f002460_t000082_00s.jpg
C:\Users\nibre\Desktop\PyrOne\smoke_dataset\data\frames_thermal_batch_01\DJI_20260326174236_0001_T\DJI_20260326174236_0001_T_f002520_t000084.00s.jpg,DJI_20260326174236_0001_T\DJI_20260326174236_0001_T_f002520_t000084.00s.jpg,dji_20260326174236_0001_t__dji_20260326174236_0001_t_f002520_t000084_00s.jpg
C:\Users\nibre\Desktop\PyrOne\smoke_dataset\data\frames_thermal_batch_01\DJI_20260326174236_0001_T\DJI_20260326174236_0001_T_f002640_t000088.00s.jpg,DJI_20260326174236_0001_T\DJI_20260326174236_0001_T_f002640_t000088.00s.jpg,dji_20260326174236_0001_t__dji_20260326174236_0001_t_f002640_t000088_00s.jpg
C:\Users\nibre\Desktop\PyrOne\smoke_dataset\data\frames_thermal_batch_01\DJI_20260326174236_0001_T\DJI_20260326174236_0001_T_f002760_t000092.00s.jpg,DJI_20260326174236_0001_T\DJI_20260326174236_0001_T_f002760_t000092.00s.jpg,dji_20260326174236_0001_t__dji_20260326174236_0001_t_f002760_t000092_00s.jpg
C:\Users\nibre\Desktop\PyrOne\smoke_dataset\data\frames_thermal_batch_01\DJI_20260326174236_0001_T\DJI_20260326174236_0001_T_f002820_t000094.00s.jpg,DJI_20260326174236_0001_T\DJI_20260326174236_0001_T_f002820_t000094.00s.jpg,dji_20260326174236_0001_t__dji_20260326174236_0001_t_f002820_t000094_00s.jpg
C:\Users\nibre\Desktop\PyrOne\smoke_dataset\data\frames_thermal_batch_01\DJI_20260326174236_0001_T\DJI_20260326174236_0001_T_f002940_t000098.00s.jpg,DJI_20260326174236_0001_T\DJI_20260326174236_0001_T_f002940_t000098.00s.jpg,dji_20260326174236_0001_t__dji_20260326174236_0001_t_f002940_t000098_00s.jpg
C:\Users\nibre\Desktop\PyrOne\smoke_dataset\data\frames_thermal_batch_01\DJI_20260326174236_0001_T\DJI_20260326174236_0001_T_f003000_t000100.00s.jpg,DJI_20260326174236_0001_T\DJI_20260326174236_0001_T_f003000_t000100.00s.jpg,dji_20260326174236_0001_t__dji_20260326174236_0001_t_f003000_t000100_00s.jpg
C:\Users\nibre\Desktop\PyrOne\smoke_dataset\data\frames_thermal_batch_01\DJI_20260326174236_0001_T\DJI_20260326174236_0001_T_f003060_t000102.00s.jpg,DJI_20260326174236_0001_T\DJI_20260326174236_0001_T_f003060_t000102.00s.jpg,dji_20260326174236_0001_t__dji_20260326174236_0001_t_f003060_t000102_00s.jpg
C:\Users\nibre\Desktop\PyrOne\smoke_dataset\data\frames_thermal_batch_01\DJI_20260326174236_0001_T\DJI_20260326174236_0001_T_f003120_t000104.00s.jpg,DJI_20260326174236_0001_T\DJI_20260326174236_0001_T_f003120_t000104.00s.jpg,dji_20260326174236_0001_t__dji_20260326174236_0001_t_f003120_t000104_00s.jpg
C:\Users\nibre\Desktop\PyrOne\smoke_dataset\data\frames_thermal_batch_01\DJI_20260326174236_0001_T\DJI_20260326174236_0001_T_f003180_t000106.00s.jpg,DJI_20260326174236_0001_T\DJI_20260326174236_0001_T_f003180_t000106.00s.jpg,dji_20260326174236_0001_t__dji_20260326174236_0001_t_f003180_t000106_00s.jpg
C:\Users\nibre\Desktop\PyrOne\smoke_dataset\data\frames_thermal_batch_01\DJI_20260326174236_0001_T\DJI_20260326174236_0001_T_f003240_t000108.00s.jpg,DJI_20260326174236_0001_T\DJI_20260326174236_0001_T_f003240_t000108.00s.jpg,dji_20260326174236_0001_t__dji_20260326174236_0001_t_f003240_t000108_00s.jpg
C:\Users\nibre\Desktop\PyrOne\smoke_dataset\data\frames_thermal_batch_01\DJI_20260326174236_0001_T\DJI_20260326174236_0001_T_f003300_t000110.00s.jpg,DJI_20260326174236_0001_T\DJI_20260326174236_0001_T_f003300_t000110.00s.jpg,dji_20260326174236_0001_t__dji_20260326174236_0001_t_f003300_t000110_00s.jpg
C:\Users\nibre\Desktop\PyrOne\smoke_dataset\data\frames_thermal_batch_01\DJI_20260326174236_0001_T\DJI_20260326174236_0001_T_f003480_t000116.00s.jpg,DJI_20260326174236_0001_T\DJI_20260326174236_0001_T_f003480_t000116.00s.jpg,dji_20260326174236_0001_t__dji_20260326174236_0001_t_f003480_t000116_00s.jpg
C:\Users\nibre\Desktop\PyrOne\smoke_dataset\data\frames_thermal_batch_01\DJI_20260326174236_0001_T\DJI_20260326174236_0001_T_f003540_t000118.00s.jpg,DJI_20260326174236_0001_T\DJI_20260326174236_0001_T_f003540_t000118.00s.jpg,dji_20260326174236_0001_t__dji_20260326174236_0001_t_f003540_t000118_00s.jpg
C:\Users\nibre\Desktop\PyrOne\smoke_dataset\data\frames_thermal_batch_01\DJI_20260326174236_0001_T\DJI_20260326174236_0001_T_f003600_t000120.00s.jpg,DJI_20260326174236_0001_T\DJI_20260326174236_0001_T_f003600_t000120.00s.jpg,dji_20260326174236_0001_t__dji_20260326174236_0001_t_f003600_t000120_00s.jpg
C:\Users\nibre\Desktop\PyrOne\smoke_dataset\data\frames_thermal_batch_01\DJI_20260326174236_0001_T\DJI_20260326174236_0001_T_f003720_t000124.00s.jpg,DJI_20260326174236_0001_T\DJI_20260326174236_0001_T_f003720_t000124.00s.jpg,dji_20260326174236_0001_t__dji_20260326174236_0001_t_f003720_t000124_00s.jpg
C:\Users\nibre\Desktop\PyrOne\smoke_dataset\data\frames_thermal_batch_01\DJI_20260326174236_0001_T\DJI_20260326174236_0001_T_f003780_t000126.00s.jpg,DJI_20260326174236_0001_T\DJI_20260326174236_0001_T_f003780_t000126.00s.jpg,dji_20260326174236_0001_t__dji_20260326174236_0001_t_f003780_t000126_00s.jpg
C:\Users\nibre\Desktop\PyrOne\smoke_dataset\data\frames_thermal_batch_01\DJI_20260326174236_0001_T\DJI_20260326174236_0001_T_f003840_t000128.00s.jpg,DJI_20260326174236_0001_T\DJI_20260326174236_0001_T_f003840_t000128.00s.jpg,dji_20260326174236_0001_t__dji_20260326174236_0001_t_f003840_t000128_00s.jpg
C:\Users\nibre\Desktop\PyrOne\smoke_dataset\data\frames_thermal_batch_01\DJI_20260326174236_0001_T\DJI_20260326174236_0001_T_f003900_t000130.00s.jpg,DJI_20260326174236_0001_T\DJI_20260326174236_0001_T_f003900_t000130.00s.jpg,dji_20260326174236_0001_t__dji_20260326174236_0001_t_f003900_t000130_00s.jpg
C:\Users\nibre\Desktop\PyrOne\smoke_dataset\data\frames_thermal_batch_01\DJI_20260326174236_0001_T\DJI_20260326174236_0001_T_f003960_t000132.00s.jpg,DJI_20260326174236_0001_T\DJI_20260326174236_0001_T_f003960_t000132.00s.jpg,dji_20260326174236_0001_t__dji_20260326174236_0001_t_f003960_t000132_00s.jpg
C:\Users\nibre\Desktop\PyrOne\smoke_dataset\data\frames_thermal_batch_01\DJI_20260326174236_0001_T\DJI_20260326174236_0001_T_f004020_t000134.00s.jpg,DJI_20260326174236_0001_T\DJI_20260326174236_0001_T_f004020_t000134.00s.jpg,dji_20260326174236_0001_t__dji_20260326174236_0001_t_f004020_t000134_00s.jpg
C:\Users\nibre\Desktop\PyrOne\smoke_dataset\data\frames_thermal_batch_01\DJI_20260326174236_0001_T\DJI_20260326174236_0001_T_f004080_t000136.00s.jpg,DJI_20260326174236_0001_T\DJI_20260326174236_0001_T_f004080_t000136.00s.jpg,dji_20260326174236_0001_t__dji_20260326174236_0001_t_f004080_t000136_00s.jpg
C:\Users\nibre\Desktop\PyrOne\smoke_dataset\data\frames_thermal_batch_01\DJI_20260326174236_0001_T\DJI_20260326174236_0001_T_f004140_t000138.00s.jpg,DJI_20260326174236_0001_T\DJI_20260326174236_0001_T_f004140_t000138.00s.jpg,dji_20260326174236_0001_t__dji_20260326174236_0001_t_f004140_t000138_00s.jpg
C:\Users\nibre\Desktop\PyrOne\smoke_dataset\data\frames_thermal_batch_01\DJI_20260326174236_0001_T\DJI_20260326174236_0001_T_f004200_t000140.00s.jpg,DJI_20260326174236_0001_T\DJI_20260326174236_0001_T_f004200_t000140.00s.jpg,dji_20260326174236_0001_t__dji_20260326174236_0001_t_f004200_t000140_00s.jpg
C:\Users\nibre\Desktop\PyrOne\smoke_dataset\data\frames_thermal_batch_01\DJI_20260326174236_0001_T\DJI_20260326174236_0001_T_f004260_t000142.00s.jpg,DJI_20260326174236_0001_T\DJI_20260326174236_0001_T_f004260_t000142.00s.jpg,dji_20260326174236_0001_t__dji_20260326174236_0001_t_f004260_t000142_00s.jpg
C:\Users\nibre\Desktop\PyrOne\smoke_dataset\data\frames_thermal_batch_01\DJI_20260326174236_0001_T\DJI_20260326174236_0001_T_f004320_t000144.00s.jpg,DJI_20260326174236_0001_T\DJI_20260326174236_0001_T_f004320_t000144.00s.jpg,dji_20260326174236_0001_t__dji_20260326174236_0001_t_f004320_t000144_00s.jpg
C:\Users\nibre\Desktop\PyrOne\smoke_dataset\data\frames_thermal_batch_01\DJI_20260326174236_0001_T\DJI_20260326174236_0001_T_f004380_t000146.00s.jpg,DJI_20260326174236_0001_T\DJI_20260326174236_0001_T_f004380_t000146.00s.jpg,dji_20260326174236_0001_t__dji_20260326174236_0001_t_f004380_t000146_00s.jpg
C:\Users\nibre\Desktop\PyrOne\smoke_dataset\data\frames_thermal_batch_01\DJI_20260326174236_0001_T\DJI_20260326174236_0001_T_f004440_t000148.00s.jpg,DJI_20260326174236_0001_T\DJI_20260326174236_0001_T_f004440_t000148.00s.jpg,dji_20260326174236_0001_t__dji_20260326174236_0001_t_f004440_t000148_00s.jpg
C:\Users\nibre\Desktop\PyrOne\smoke_dataset\data\frames_thermal_batch_01\DJI_20260326174236_0001_T\DJI_20260326174236_0001_T_f004500_t000150.00s.jpg,DJI_20260326174236_0001_T\DJI_20260326174236_0001_T_f004500_t000150.00s.jpg,dji_20260326174236_0001_t__dji_20260326174236_0001_t_f004500_t000150_00s.jpg
C:\Users\nibre\Desktop\PyrOne\smoke_dataset\data\frames_thermal_batch_01\DJI_20260326174236_0001_T\DJI_20260326174236_0001_T_f004560_t000152.00s.jpg,DJI_20260326174236_0001_T\DJI_20260326174236_0001_T_f004560_t000152.00s.jpg,dji_20260326174236_0001_t__dji_20260326174236_0001_t_f004560_t000152_00s.jpg
C:\Users\nibre\Desktop\PyrOne\smoke_dataset\data\frames_thermal_batch_01\DJI_20260326174236_0001_T\DJI_20260326174236_0001_T_f004620_t000154.00s.jpg,DJI_20260326174236_0001_T\DJI_20260326174236_0001_T_f004620_t000154.00s.jpg,dji_20260326174236_0001_t__dji_20260326174236_0001_t_f004620_t000154_00s.jpg
C:\Users\nibre\Desktop\PyrOne\smoke_dataset\data\frames_thermal_batch_01\DJI_20260326174236_0001_T\DJI_20260326174236_0001_T_f004680_t000156.00s.jpg,DJI_20260326174236_0001_T\DJI_20260326174236_0001_T_f004680_t000156.00s.jpg,dji_20260326174236_0001_t__dji_20260326174236_0001_t_f004680_t000156_00s.jpg
C:\Users\nibre\Desktop\PyrOne\smoke_dataset\data\frames_thermal_batch_01\DJI_20260326174236_0001_T\DJI_20260326174236_0001_T_f004740_t000158.00s.jpg,DJI_20260326174236_0001_T\DJI_20260326174236_0001_T_f004740_t000158.00s.jpg,dji_20260326174236_0001_t__dji_20260326174236_0001_t_f004740_t000158_00s.jpg
C:\Users\nibre\Desktop\PyrOne\smoke_dataset\data\frames_thermal_batch_01\DJI_20260326174236_0001_T\DJI_20260326174236_0001_T_f004800_t000160.00s.jpg,DJI_20260326174236_0001_T\DJI_20260326174236_0001_T_f004800_t000160.00s.jpg,dji_20260326174236_0001_t__dji_20260326174236_0001_t_f004800_t000160_00s.jpg
C:\Users\nibre\Desktop\PyrOne\smoke_dataset\data\frames_thermal_batch_01\DJI_20260326174236_0001_T\DJI_20260326174236_0001_T_f004860_t000162.00s.jpg,DJI_20260326174236_0001_T\DJI_20260326174236_0001_T_f004860_t000162.00s.jpg,dji_20260326174236_0001_t__dji_20260326174236_0001_t_f004860_t000162_00s.jpg
C:\Users\nibre\Desktop\PyrOne\smoke_dataset\data\frames_thermal_batch_01\DJI_20260326174236_0001_T\DJI_20260326174236_0001_T_f004920_t000164.00s.jpg,DJI_20260326174236_0001_T\DJI_20260326174236_0001_T_f004920_t000164.00s.jpg,dji_20260326174236_0001_t__dji_20260326174236_0001_t_f004920_t000164_00s.jpg
C:\Users\nibre\Desktop\PyrOne\smoke_dataset\data\frames_thermal_batch_01\DJI_20260326174236_0001_T\DJI_20260326174236_0001_T_f004980_t000166.00s.jpg,DJI_20260326174236_0001_T\DJI_20260326174236_0001_T_f004980_t000166.00s.jpg,dji_20260326174236_0001_t__dji_20260326174236_0001_t_f004980_t000166_00s.jpg
C:\Users\nibre\Desktop\PyrOne\smoke_dataset\data\frames_thermal_batch_01\DJI_20260326174236_0001_T\DJI_20260326174236_0001_T_f005040_t000168.00s.jpg,DJI_20260326174236_0001_T\DJI_20260326174236_0001_T_f005040_t000168.00s.jpg,dji_20260326174236_0001_t__dji_20260326174236_0001_t_f005040_t000168_00s.jpg
C:\Users\nibre\Desktop\PyrOne\smoke_dataset\data\frames_thermal_batch_01\DJI_20260326174236_0001_T\DJI_20260326174236_0001_T_f005100_t000170.00s.jpg,DJI_20260326174236_0001_T\DJI_20260326174236_0001_T_f005100_t000170.00s.jpg,dji_20260326174236_0001_t__dji_20260326174236_0001_t_f005100_t000170_00s.jpg
C:\Users\nibre\Desktop\PyrOne\smoke_dataset\data\frames_thermal_batch_01\DJI_20260326174236_0001_T\DJI_20260326174236_0001_T_f005160_t000172.00s.jpg,DJI_20260326174236_0001_T\DJI_20260326174236_0001_T_f005160_t000172.00s.jpg,dji_20260326174236_0001_t__dji_20260326174236_0001_t_f005160_t000172_00s.jpg
C:\Users\nibre\Desktop\PyrOne\smoke_dataset\data\frames_thermal_batch_01\DJI_20260326174236_0001_T\DJI_20260326174236_0001_T_f005220_t000174.00s.jpg,DJI_20260326174236_0001_T\DJI_20260326174236_0001_T_f005220_t000174.00s.jpg,dji_20260326174236_0001_t__dji_20260326174236_0001_t_f005220_t000174_00s.jpg
C:\Users\nibre\Desktop\PyrOne\smoke_dataset\data\frames_thermal_batch_01\DJI_20260326174236_0001_T\DJI_20260326174236_0001_T_f005340_t000178.00s.jpg,DJI_20260326174236_0001_T\DJI_20260326174236_0001_T_f005340_t000178.00s.jpg,dji_20260326174236_0001_t__dji_20260326174236_0001_t_f005340_t000178_00s.jpg
C:\Users\nibre\Desktop\PyrOne\smoke_dataset\data\frames_thermal_batch_01\DJI_20260326174236_0001_T\DJI_20260326174236_0001_T_f005400_t000180.00s.jpg,DJI_20260326174236_0001_T\DJI_20260326174236_0001_T_f005400_t000180.00s.jpg,dji_20260326174236_0001_t__dji_20260326174236_0001_t_f005400_t000180_00s.jpg
C:\Users\nibre\Desktop\PyrOne\smoke_dataset\data\frames_thermal_batch_01\DJI_20260326174236_0001_T\DJI_20260326174236_0001_T_f005460_t000182.00s.jpg,DJI_20260326174236_0001_T\DJI_20260326174236_0001_T_f005460_t000182.00s.jpg,dji_20260326174236_0001_t__dji_20260326174236_0001_t_f005460_t000182_00s.jpg
C:\Users\nibre\Desktop\PyrOne\smoke_dataset\data\frames_thermal_batch_01\DJI_20260326174236_0001_T\DJI_20260326174236_0001_T_f005520_t000184.00s.jpg,DJI_20260326174236_0001_T\DJI_20260326174236_0001_T_f005520_t000184.00s.jpg,dji_20260326174236_0001_t__dji_20260326174236_0001_t_f005520_t000184_00s.jpg
C:\Users\nibre\Desktop\PyrOne\smoke_dataset\data\frames_thermal_batch_01\DJI_20260326174236_0001_T\DJI_20260326174236_0001_T_f005580_t000186.00s.jpg,DJI_20260326174236_0001_T\DJI_20260326174236_0001_T_f005580_t000186.00s.jpg,dji_20260326174236_0001_t__dji_20260326174236_0001_t_f005580_t000186_00s.jpg
C:\Users\nibre\Desktop\PyrOne\smoke_dataset\data\frames_thermal_batch_01\DJI_20260326174236_0001_T\DJI_20260326174236_0001_T_f005640_t000188.00s.jpg,DJI_20260326174236_0001_T\DJI_20260326174236_0001_T_f005640_t000188.00s.jpg,dji_20260326174236_0001_t__dji_20260326174236_0001_t_f005640_t000188_00s.jpg
C:\Users\nibre\Desktop\PyrOne\smoke_dataset\data\frames_thermal_batch_01\DJI_20260326174236_0001_T\DJI_20260326174236_0001_T_f005700_t000190.00s.jpg,DJI_20260326174236_0001_T\DJI_20260326174236_0001_T_f005700_t000190.00s.jpg,dji_20260326174236_0001_t__dji_20260326174236_0001_t_f005700_t000190_00s.jpg
C:\Users\nibre\Desktop\PyrOne\smoke_dataset\data\frames_thermal_batch_01\DJI_20260326174236_0001_T\DJI_20260326174236_0001_T_f005760_t000192.00s.jpg,DJI_20260326174236_0001_T\DJI_20260326174236_0001_T_f005760_t000192.00s.jpg,dji_20260326174236_0001_t__dji_20260326174236_0001_t_f005760_t000192_00s.jpg
C:\Users\nibre\Desktop\PyrOne\smoke_dataset\data\frames_thermal_batch_01\DJI_20260326174236_0001_T\DJI_20260326174236_0001_T_f005820_t000194.00s.jpg,DJI_20260326174236_0001_T\DJI_20260326174236_0001_T_f005820_t000194.00s.jpg,dji_20260326174236_0001_t__dji_20260326174236_0001_t_f005820_t000194_00s.jpg
C:\Users\nibre\Desktop\PyrOne\smoke_dataset\data\frames_thermal_batch_01\DJI_20260326174236_0001_T\DJI_20260326174236_0001_T_f005880_t000196.00s.jpg,DJI_20260326174236_0001_T\DJI_20260326174236_0001_T_f005880_t000196.00s.jpg,dji_20260326174236_0001_t__dji_20260326174236_0001_t_f005880_t000196_00s.jpg
C:\Users\nibre\Desktop\PyrOne\smoke_dataset\data\frames_thermal_batch_01\DJI_20260326174236_0001_T\DJI_20260326174236_0001_T_f005940_t000198.00s.jpg,DJI_20260326174236_0001_T\DJI_20260326174236_0001_T_f005940_t000198.00s.jpg,dji_20260326174236_0001_t__dji_20260326174236_0001_t_f005940_t000198_00s.jpg
C:\Users\nibre\Desktop\PyrOne\smoke_dataset\data\frames_thermal_batch_01\DJI_20260326174236_0001_T\DJI_20260326174236_0001_T_f006000_t000200.00s.jpg,DJI_20260326174236_0001_T\DJI_20260326174236_0001_T_f006000_t000200.00s.jpg,dji_20260326174236_0001_t__dji_20260326174236_0001_t_f006000_t000200_00s.jpg
C:\Users\nibre\Desktop\PyrOne\smoke_dataset\data\frames_thermal_batch_01\DJI_20260326174236_0001_T\DJI_20260326174236_0001_T_f006060_t000202.00s.jpg,DJI_20260326174236_0001_T\DJI_20260326174236_0001_T_f006060_t000202.00s.jpg,dji_20260326174236_0001_t__dji_20260326174236_0001_t_f006060_t000202_00s.jpg
C:\Users\nibre\Desktop\PyrOne\smoke_dataset\data\frames_thermal_batch_01\DJI_20260326174236_0001_T\DJI_20260326174236_0001_T_f006120_t000204.00s.jpg,DJI_20260326174236_0001_T\DJI_20260326174236_0001_T_f006120_t000204.00s.jpg,dji_20260326174236_0001_t__dji_20260326174236_0001_t_f006120_t000204_00s.jpg
C:\Users\nibre\Desktop\PyrOne\smoke_dataset\data\frames_thermal_batch_01\DJI_20260326174236_0001_T\DJI_20260326174236_0001_T_f006180_t000206.00s.jpg,DJI_20260326174236_0001_T\DJI_20260326174236_0001_T_f006180_t000206.00s.jpg,dji_20260326174236_0001_t__dji_20260326174236_0001_t_f006180_t000206_00s.jpg
C:\Users\nibre\Desktop\PyrOne\smoke_dataset\data\frames_thermal_batch_01\DJI_20260326174236_0001_T\DJI_20260326174236_0001_T_f006480_t000216.00s.jpg,DJI_20260326174236_0001_T\DJI_20260326174236_0001_T_f006480_t000216.00s.jpg,dji_20260326174236_0001_t__dji_20260326174236_0001_t_f006480_t000216_00s.jpg
C:\Users\nibre\Desktop\PyrOne\smoke_dataset\data\frames_thermal_batch_01\DJI_20260326174236_0001_T\DJI_20260326174236_0001_T_f006600_t000220.00s.jpg,DJI_20260326174236_0001_T\DJI_20260326174236_0001_T_f006600_t000220.00s.jpg,dji_20260326174236_0001_t__dji_20260326174236_0001_t_f006600_t000220_00s.jpg
C:\Users\nibre\Desktop\PyrOne\smoke_dataset\data\frames_thermal_batch_01\DJI_20260326174236_0001_T\DJI_20260326174236_0001_T_f006900_t000230.00s.jpg,DJI_20260326174236_0001_T\DJI_20260326174236_0001_T_f006900_t000230.00s.jpg,dji_20260326174236_0001_t__dji_20260326174236_0001_t_f006900_t000230_00s.jpg
C:\Users\nibre\Desktop\PyrOne\smoke_dataset\data\frames_thermal_batch_01\DJI_20260326174236_0001_T\DJI_20260326174236_0001_T_f007200_t000240.00s.jpg,DJI_20260326174236_0001_T\DJI_20260326174236_0001_T_f007200_t000240.00s.jpg,dji_20260326174236_0001_t__dji_20260326174236_0001_t_f007200_t000240_00s.jpg
C:\Users\nibre\Desktop\PyrOne\smoke_dataset\data\frames_thermal_batch_01\DJI_20260326174236_0001_T\DJI_20260326174236_0001_T_f007260_t000242.00s.jpg,DJI_20260326174236_0001_T\DJI_20260326174236_0001_T_f007260_t000242.00s.jpg,dji_20260326174236_0001_t__dji_20260326174236_0001_t_f007260_t000242_00s.jpg
C:\Users\nibre\Desktop\PyrOne\smoke_dataset\data\frames_thermal_batch_01\DJI_20260326174236_0001_T\DJI_20260326174236_0001_T_f007320_t000244.00s.jpg,DJI_20260326174236_0001_T\DJI_20260326174236_0001_T_f007320_t000244.00s.jpg,dji_20260326174236_0001_t__dji_20260326174236_0001_t_f007320_t000244_00s.jpg
C:\Users\nibre\Desktop\PyrOne\smoke_dataset\data\frames_thermal_batch_01\DJI_20260326174236_0001_T\DJI_20260326174236_0001_T_f007380_t000246.00s.jpg,DJI_20260326174236_0001_T\DJI_20260326174236_0001_T_f007380_t000246.00s.jpg,dji_20260326174236_0001_t__dji_20260326174236_0001_t_f007380_t000246_00s.jpg
C:\Users\nibre\Desktop\PyrOne\smoke_dataset\data\frames_thermal_batch_01\DJI_20260326174236_0001_T\DJI_20260326174236_0001_T_f007440_t000248.00s.jpg,DJI_20260326174236_0001_T\DJI_20260326174236_0001_T_f007440_t000248.00s.jpg,dji_20260326174236_0001_t__dji_20260326174236_0001_t_f007440_t000248_00s.jpg
C:\Users\nibre\Desktop\PyrOne\smoke_dataset\data\frames_thermal_batch_01\DJI_20260326174236_0001_T\DJI_20260326174236_0001_T_f007500_t000250.00s.jpg,DJI_20260326174236_0001_T\DJI_20260326174236_0001_T_f007500_t000250.00s.jpg,dji_20260326174236_0001_t__dji_20260326174236_0001_t_f007500_t000250_00s.jpg
C:\Users\nibre\Desktop\PyrOne\smoke_dataset\data\frames_thermal_batch_01\DJI_20260326174236_0001_T\DJI_20260326174236_0001_T_f007560_t000252.00s.jpg,DJI_20260326174236_0001_T\DJI_20260326174236_0001_T_f007560_t000252.00s.jpg,dji_20260326174236_0001_t__dji_20260326174236_0001_t_f007560_t000252_00s.jpg
C:\Users\nibre\Desktop\PyrOne\smoke_dataset\data\frames_thermal_batch_01\DJI_20260326174236_0001_T\DJI_20260326174236_0001_T_f007620_t000254.00s.jpg,DJI_20260326174236_0001_T\DJI_20260326174236_0001_T_f007620_t000254.00s.jpg,dji_20260326174236_0001_t__dji_20260326174236_0001_t_f007620_t000254_00s.jpg
C:\Users\nibre\Desktop\PyrOne\smoke_dataset\data\frames_thermal_batch_01\DJI_20260326174236_0001_T\DJI_20260326174236_0001_T_f007680_t000256.00s.jpg,DJI_20260326174236_0001_T\DJI_20260326174236_0001_T_f007680_t000256.00s.jpg,dji_20260326174236_0001_t__dji_20260326174236_0001_t_f007680_t000256_00s.jpg
C:\Users\nibre\Desktop\PyrOne\smoke_dataset\data\frames_thermal_batch_01\DJI_20260326174236_0001_T\DJI_20260326174236_0001_T_f007740_t000258.00s.jpg,DJI_20260326174236_0001_T\DJI_20260326174236_0001_T_f007740_t000258.00s.jpg,dji_20260326174236_0001_t__dji_20260326174236_0001_t_f007740_t000258_00s.jpg
C:\Users\nibre\Desktop\PyrOne\smoke_dataset\data\frames_thermal_batch_01\DJI_20260326174236_0001_T\DJI_20260326174236_0001_T_f007800_t000260.00s.jpg,DJI_20260326174236_0001_T\DJI_20260326174236_0001_T_f007800_t000260.00s.jpg,dji_20260326174236_0001_t__dji_20260326174236_0001_t_f007800_t000260_00s.jpg
C:\Users\nibre\Desktop\PyrOne\smoke_dataset\data\frames_thermal_batch_01\DJI_20260326174236_0001_T\DJI_20260326174236_0001_T_f007860_t000262.00s.jpg,DJI_20260326174236_0001_T\DJI_20260326174236_0001_T_f007860_t000262.00s.jpg,dji_20260326174236_0001_t__dji_20260326174236_0001_t_f007860_t000262_00s.jpg
C:\Users\nibre\Desktop\PyrOne\smoke_dataset\data\frames_thermal_batch_01\DJI_20260326174236_0001_T\DJI_20260326174236_0001_T_f007920_t000264.00s.jpg,DJI_20260326174236_0001_T\DJI_20260326174236_0001_T_f007920_t000264.00s.jpg,dji_20260326174236_0001_t__dji_20260326174236_0001_t_f007920_t000264_00s.jpg
C:\Users\nibre\Desktop\PyrOne\smoke_dataset\data\frames_thermal_batch_01\DJI_20260326174236_0001_T\DJI_20260326174236_0001_T_f007980_t000266.00s.jpg,DJI_20260326174236_0001_T\DJI_20260326174236_0001_T_f007980_t000266.00s.jpg,dji_20260326174236_0001_t__dji_20260326174236_0001_t_f007980_t000266_00s.jpg
C:\Users\nibre\Desktop\PyrOne\smoke_dataset\data\frames_thermal_batch_01\DJI_20260326174236_0001_T\DJI_20260326174236_0001_T_f008040_t000268.00s.jpg,DJI_20260326174236_0001_T\DJI_20260326174236_0001_T_f008040_t000268.00s.jpg,dji_20260326174236_0001_t__dji_20260326174236_0001_t_f008040_t000268_00s.jpg
C:\Users\nibre\Desktop\PyrOne\smoke_dataset\data\frames_thermal_batch_01\DJI_20260326174236_0001_T\DJI_20260326174236_0001_T_f008100_t000270.00s.jpg,DJI_20260326174236_0001_T\DJI_20260326174236_0001_T_f008100_t000270.00s.jpg,dji_20260326174236_0001_t__dji_20260326174236_0001_t_f008100_t000270_00s.jpg
C:\Users\nibre\Desktop\PyrOne\smoke_dataset\data\frames_thermal_batch_01\DJI_20260326174236_0001_T\DJI_20260326174236_0001_T_f008160_t000272.00s.jpg,DJI_20260326174236_0001_T\DJI_20260326174236_0001_T_f008160_t000272.00s.jpg,dji_20260326174236_0001_t__dji_20260326174236_0001_t_f008160_t000272_00s.jpg
C:\Users\nibre\Desktop\PyrOne\smoke_dataset\data\frames_thermal_batch_01\DJI_20260326174236_0001_T\DJI_20260326174236_0001_T_f008220_t000274.00s.jpg,DJI_20260326174236_0001_T\DJI_20260326174236_0001_T_f008220_t000274.00s.jpg,dji_20260326174236_0001_t__dji_20260326174236_0001_t_f008220_t000274_00s.jpg
C:\Users\nibre\Desktop\PyrOne\smoke_dataset\data\frames_thermal_batch_01\DJI_20260326174236_0001_T\DJI_20260326174236_0001_T_f008580_t000286.00s.jpg,DJI_20260326174236_0001_T\DJI_20260326174236_0001_T_f008580_t000286.00s.jpg,dji_20260326174236_0001_t__dji_20260326174236_0001_t_f008580_t000286_00s.jpg
C:\Users\nibre\Desktop\PyrOne\smoke_dataset\data\frames_thermal_batch_01\DJI_20260326174236_0001_T\DJI_20260326174236_0001_T_f008640_t000288.00s.jpg,DJI_20260326174236_0001_T\DJI_20260326174236_0001_T_f008640_t000288.00s.jpg,dji_20260326174236_0001_t__dji_20260326174236_0001_t_f008640_t000288_00s.jpg
C:\Users\nibre\Desktop\PyrOne\smoke_dataset\data\frames_thermal_batch_01\DJI_20260326174236_0001_T\DJI_20260326174236_0001_T_f008700_t000290.00s.jpg,DJI_20260326174236_0001_T\DJI_20260326174236_0001_T_f008700_t000290.00s.jpg,dji_20260326174236_0001_t__dji_20260326174236_0001_t_f008700_t000290_00s.jpg
C:\Users\nibre\Desktop\PyrOne\smoke_dataset\data\frames_thermal_batch_01\DJI_20260326174236_0001_T\DJI_20260326174236_0001_T_f008760_t000292.00s.jpg,DJI_20260326174236_0001_T\DJI_20260326174236_0001_T_f008760_t000292.00s.jpg,dji_20260326174236_0001_t__dji_20260326174236_0001_t_f008760_t000292_00s.jpg
C:\Users\nibre\Desktop\PyrOne\smoke_dataset\data\frames_thermal_batch_01\DJI_20260326174236_0001_T\DJI_20260326174236_0001_T_f008820_t000294.00s.jpg,DJI_20260326174236_0001_T\DJI_20260326174236_0001_T_f008820_t000294.00s.jpg,dji_20260326174236_0001_t__dji_20260326174236_0001_t_f008820_t000294_00s.jpg
C:\Users\nibre\Desktop\PyrOne\smoke_dataset\data\frames_thermal_batch_01\DJI_20260326174236_0001_T\DJI_20260326174236_0001_T_f008940_t000298.00s.jpg,DJI_20260326174236_0001_T\DJI_20260326174236_0001_T_f008940_t000298.00s.jpg,dji_20260326174236_0001_t__dji_20260326174236_0001_t_f008940_t000298_00s.jpg
C:\Users\nibre\Desktop\PyrOne\smoke_dataset\data\frames_thermal_batch_01\DJI_20260326174236_0001_T\DJI_20260326174236_0001_T_f009000_t000300.00s.jpg,DJI_20260326174236_0001_T\DJI_20260326174236_0001_T_f009000_t000300.00s.jpg,dji_20260326174236_0001_t__dji_20260326174236_0001_t_f009000_t000300_00s.jpg
C:\Users\nibre\Desktop\PyrOne\smoke_dataset\data\frames_thermal_batch_01\DJI_20260326174236_0001_T\DJI_20260326174236_0001_T_f009060_t000302.00s.jpg,DJI_20260326174236_0001_T\DJI_20260326174236_0001_T_f009060_t000302.00s.jpg,dji_20260326174236_0001_t__dji_20260326174236_0001_t_f009060_t000302_00s.jpg
C:\Users\nibre\Desktop\PyrOne\smoke_dataset\data\frames_thermal_batch_01\DJI_20260326174236_0001_T\DJI_20260326174236_0001_T_f009120_t000304.00s.jpg,DJI_20260326174236_0001_T\DJI_20260326174236_0001_T_f009120_t000304.00s.jpg,dji_20260326174236_0001_t__dji_20260326174236_0001_t_f009120_t000304_00s.jpg
C:\Users\nibre\Desktop\PyrOne\smoke_dataset\data\frames_thermal_batch_01\DJI_20260326174236_0001_T\DJI_20260326174236_0001_T_f009180_t000306.00s.jpg,DJI_20260326174236_0001_T\DJI_20260326174236_0001_T_f009180_t000306.00s.jpg,dji_20260326174236_0001_t__dji_20260326174236_0001_t_f009180_t000306_00s.jpg
C:\Users\nibre\Desktop\PyrOne\smoke_dataset\data\frames_thermal_batch_01\DJI_20260326174236_0001_T\DJI_20260326174236_0001_T_f009240_t000308.00s.jpg,DJI_20260326174236_0001_T\DJI_20260326174236_0001_T_f009240_t000308.00s.jpg,dji_20260326174236_0001_t__dji_20260326174236_0001_t_f009240_t000308_00s.jpg
C:\Users\nibre\Desktop\PyrOne\smoke_dataset\data\frames_thermal_batch_01\DJI_20260326174236_0001_T\DJI_20260326174236_0001_T_f009300_t000310.00s.jpg,DJI_20260326174236_0001_T\DJI_20260326174236_0001_T_f009300_t000310.00s.jpg,dji_20260326174236_0001_t__dji_20260326174236_0001_t_f009300_t000310_00s.jpg
C:\Users\nibre\Desktop\PyrOne\smoke_dataset\data\frames_thermal_batch_01\DJI_20260326174236_0001_T\DJI_20260326174236_0001_T_f009360_t000312.00s.jpg,DJI_20260326174236_0001_T\DJI_20260326174236_0001_T_f009360_t000312.00s.jpg,dji_20260326174236_0001_t__dji_20260326174236_0001_t_f009360_t000312_00s.jpg
C:\Users\nibre\Desktop\PyrOne\smoke_dataset\data\frames_thermal_batch_01\DJI_20260326174236_0001_T\DJI_20260326174236_0001_T_f009420_t000314.00s.jpg,DJI_20260326174236_0001_T\DJI_20260326174236_0001_T_f009420_t000314.00s.jpg,dji_20260326174236_0001_t__dji_20260326174236_0001_t_f009420_t000314_00s.jpg
C:\Users\nibre\Desktop\PyrOne\smoke_dataset\data\frames_thermal_batch_01\DJI_20260326174236_0001_T\DJI_20260326174236_0001_T_f009480_t000316.00s.jpg,DJI_20260326174236_0001_T\DJI_20260326174236_0001_T_f009480_t000316.00s.jpg,dji_20260326174236_0001_t__dji_20260326174236_0001_t_f009480_t000316_00s.jpg
C:\Users\nibre\Desktop\PyrOne\smoke_dataset\data\frames_thermal_batch_01\DJI_20260326174236_0001_T\DJI_20260326174236_0001_T_f009540_t000318.00s.jpg,DJI_20260326174236_0001_T\DJI_20260326174236_0001_T_f009540_t000318.00s.jpg,dji_20260326174236_0001_t__dji_20260326174236_0001_t_f009540_t000318_00s.jpg
C:\Users\nibre\Desktop\PyrOne\smoke_dataset\data\frames_thermal_batch_01\DJI_20260326174236_0001_T\DJI_20260326174236_0001_T_f009600_t000320.00s.jpg,DJI_20260326174236_0001_T\DJI_20260326174236_0001_T_f009600_t000320.00s.jpg,dji_20260326174236_0001_t__dji_20260326174236_0001_t_f009600_t000320_00s.jpg
C:\Users\nibre\Desktop\PyrOne\smoke_dataset\data\frames_thermal_batch_01\DJI_20260326174236_0001_T\DJI_20260326174236_0001_T_f009720_t000324.00s.jpg,DJI_20260326174236_0001_T\DJI_20260326174236_0001_T_f009720_t000324.00s.jpg,dji_20260326174236_0001_t__dji_20260326174236_0001_t_f009720_t000324_00s.jpg
C:\Users\nibre\Desktop\PyrOne\smoke_dataset\data\frames_thermal_batch_01\DJI_20260326174236_0001_T\DJI_20260326174236_0001_T_f009960_t000332.00s.jpg,DJI_20260326174236_0001_T\DJI_20260326174236_0001_T_f009960_t000332.00s.jpg,dji_20260326174236_0001_t__dji_20260326174236_0001_t_f009960_t000332_00s.jpg
C:\Users\nibre\Desktop\PyrOne\smoke_dataset\data\frames_thermal_batch_01\DJI_20260326174236_0001_T\DJI_20260326174236_0001_T_f010140_t000338.00s.jpg,DJI_20260326174236_0001_T\DJI_20260326174236_0001_T_f010140_t000338.00s.jpg,dji_20260326174236_0001_t__dji_20260326174236_0001_t_f010140_t000338_00s.jpg
C:\Users\nibre\Desktop\PyrOne\smoke_dataset\data\frames_thermal_batch_01\DJI_20260326174236_0001_T\DJI_20260326174236_0001_T_f010200_t000340.00s.jpg,DJI_20260326174236_0001_T\DJI_20260326174236_0001_T_f010200_t000340.00s.jpg,dji_20260326174236_0001_t__dji_20260326174236_0001_t_f010200_t000340_00s.jpg
C:\Users\nibre\Desktop\PyrOne\smoke_dataset\data\frames_thermal_batch_01\DJI_20260326174236_0001_T\DJI_20260326174236_0001_T_f010440_t000348.00s.jpg,DJI_20260326174236_0001_T\DJI_20260326174236_0001_T_f010440_t000348.00s.jpg,dji_20260326174236_0001_t__dji_20260326174236_0001_t_f010440_t000348_00s.jpg
C:\Users\nibre\Desktop\PyrOne\smoke_dataset\data\frames_thermal_batch_01\DJI_20260326174236_0001_T\DJI_20260326174236_0001_T_f010500_t000350.00s.jpg,DJI_20260326174236_0001_T\DJI_20260326174236_0001_T_f010500_t000350.00s.jpg,dji_20260326174236_0001_t__dji_20260326174236_0001_t_f010500_t000350_00s.jpg
C:\Users\nibre\Desktop\PyrOne\smoke_dataset\data\frames_thermal_batch_01\DJI_20260326174236_0001_T\DJI_20260326174236_0001_T_f010560_t000352.00s.jpg,DJI_20260326174236_0001_T\DJI_20260326174236_0001_T_f010560_t000352.00s.jpg,dji_20260326174236_0001_t__dji_20260326174236_0001_t_f010560_t000352_00s.jpg
C:\Users\nibre\Desktop\PyrOne\smoke_dataset\data\frames_thermal_batch_01\DJI_20260326174236_0001_T\DJI_20260326174236_0001_T_f010620_t000354.00s.jpg,DJI_20260326174236_0001_T\DJI_20260326174236_0001_T_f010620_t000354.00s.jpg,dji_20260326174236_0001_t__dji_20260326174236_0001_t_f010620_t000354_00s.jpg
C:\Users\nibre\Desktop\PyrOne\smoke_dataset\data\frames_thermal_batch_01\DJI_20260326174236_0001_T\DJI_20260326174236_0001_T_f010680_t000356.00s.jpg,DJI_20260326174236_0001_T\DJI_20260326174236_0001_T_f010680_t000356.00s.jpg,dji_20260326174236_0001_t__dji_20260326174236_0001_t_f010680_t000356_00s.jpg
C:\Users\nibre\Desktop\PyrOne\smoke_dataset\data\frames_thermal_batch_01\DJI_20260326174236_0001_T\DJI_20260326174236_0001_T_f010740_t000358.00s.jpg,DJI_20260326174236_0001_T\DJI_20260326174236_0001_T_f010740_t000358.00s.jpg,dji_20260326174236_0001_t__dji_20260326174236_0001_t_f010740_t000358_00s.jpg
C:\Users\nibre\Desktop\PyrOne\smoke_dataset\data\frames_thermal_batch_01\DJI_20260326174236_0001_T\DJI_20260326174236_0001_T_f010800_t000360.00s.jpg,DJI_20260326174236_0001_T\DJI_20260326174236_0001_T_f010800_t000360.00s.jpg,dji_20260326174236_0001_t__dji_20260326174236_0001_t_f010800_t000360_00s.jpg
C:\Users\nibre\Desktop\PyrOne\smoke_dataset\data\frames_thermal_batch_01\DJI_20260326174236_0001_T\DJI_20260326174236_0001_T_f010860_t000362.00s.jpg,DJI_20260326174236_0001_T\DJI_20260326174236_0001_T_f010860_t000362.00s.jpg,dji_20260326174236_0001_t__dji_20260326174236_0001_t_f010860_t000362_00s.jpg
C:\Users\nibre\Desktop\PyrOne\smoke_dataset\data\frames_thermal_batch_01\DJI_20260326174236_0001_T\DJI_20260326174236_0001_T_f010920_t000364.00s.jpg,DJI_20260326174236_0001_T\DJI_20260326174236_0001_T_f010920_t000364.00s.jpg,dji_20260326174236_0001_t__dji_20260326174236_0001_t_f010920_t000364_00s.jpg
C:\Users\nibre\Desktop\PyrOne\smoke_dataset\data\frames_thermal_batch_01\DJI_20260326174236_0001_T\DJI_20260326174236_0001_T_f011040_t000368.00s.jpg,DJI_20260326174236_0001_T\DJI_20260326174236_0001_T_f011040_t000368.00s.jpg,dji_20260326174236_0001_t__dji_20260326174236_0001_t_f011040_t000368_00s.jpg
C:\Users\nibre\Desktop\PyrOne\smoke_dataset\data\frames_thermal_batch_01\DJI_20260326174236_0001_T\DJI_20260326174236_0001_T_f011100_t000370.00s.jpg,DJI_20260326174236_0001_T\DJI_20260326174236_0001_T_f011100_t000370.00s.jpg,dji_20260326174236_0001_t__dji_20260326174236_0001_t_f011100_t000370_00s.jpg
C:\Users\nibre\Desktop\PyrOne\smoke_dataset\data\frames_thermal_batch_01\DJI_20260326174236_0001_T\DJI_20260326174236_0001_T_f011160_t000372.00s.jpg,DJI_20260326174236_0001_T\DJI_20260326174236_0001_T_f011160_t000372.00s.jpg,dji_20260326174236_0001_t__dji_20260326174236_0001_t_f011160_t000372_00s.jpg
C:\Users\nibre\Desktop\PyrOne\smoke_dataset\data\frames_thermal_batch_01\DJI_20260326174236_0001_T\DJI_20260326174236_0001_T_f011220_t000374.00s.jpg,DJI_20260326174236_0001_T\DJI_20260326174236_0001_T_f011220_t000374.00s.jpg,dji_20260326174236_0001_t__dji_20260326174236_0001_t_f011220_t000374_00s.jpg
C:\Users\nibre\Desktop\PyrOne\smoke_dataset\data\frames_thermal_batch_01\DJI_20260326174236_0001_T\DJI_20260326174236_0001_T_f011280_t000376.00s.jpg,DJI_20260326174236_0001_T\DJI_20260326174236_0001_T_f011280_t000376.00s.jpg,dji_20260326174236_0001_t__dji_20260326174236_0001_t_f011280_t000376_00s.jpg
C:\Users\nibre\Desktop\PyrOne\smoke_dataset\data\frames_thermal_batch_01\DJI_20260326174236_0001_T\DJI_20260326174236_0001_T_f011400_t000380.00s.jpg,DJI_20260326174236_0001_T\DJI_20260326174236_0001_T_f011400_t000380.00s.jpg,dji_20260326174236_0001_t__dji_20260326174236_0001_t_f011400_t000380_00s.jpg
C:\Users\nibre\Desktop\PyrOne\smoke_dataset\data\frames_thermal_batch_01\DJI_20260326174236_0001_T\DJI_20260326174236_0001_T_f011460_t000382.00s.jpg,DJI_20260326174236_0001_T\DJI_20260326174236_0001_T_f011460_t000382.00s.jpg,dji_20260326174236_0001_t__dji_20260326174236_0001_t_f011460_t000382_00s.jpg
C:\Users\nibre\Desktop\PyrOne\smoke_dataset\data\frames_thermal_batch_01\DJI_20260326174236_0001_T\DJI_20260326174236_0001_T_f011520_t000384.00s.jpg,DJI_20260326174236_0001_T\DJI_20260326174236_0001_T_f011520_t000384.00s.jpg,dji_20260326174236_0001_t__dji_20260326174236_0001_t_f011520_t000384_00s.jpg
C:\Users\nibre\Desktop\PyrOne\smoke_dataset\data\frames_thermal_batch_01\DJI_20260326174236_0001_T\DJI_20260326174236_0001_T_f011580_t000386.00s.jpg,DJI_20260326174236_0001_T\DJI_20260326174236_0001_T_f011580_t000386.00s.jpg,dji_20260326174236_0001_t__dji_20260326174236_0001_t_f011580_t000386_00s.jpg
C:\Users\nibre\Desktop\PyrOne\smoke_dataset\data\frames_thermal_batch_01\DJI_20260326174236_0001_T\DJI_20260326174236_0001_T_f011700_t000390.00s.jpg,DJI_20260326174236_0001_T\DJI_20260326174236_0001_T_f011700_t000390.00s.jpg,dji_20260326174236_0001_t__dji_20260326174236_0001_t_f011700_t000390_00s.jpg
C:\Users\nibre\Desktop\PyrOne\smoke_dataset\data\frames_thermal_batch_01\DJI_20260326174236_0001_T\DJI_20260326174236_0001_T_f011760_t000392.00s.jpg,DJI_20260326174236_0001_T\DJI_20260326174236_0001_T_f011760_t000392.00s.jpg,dji_20260326174236_0001_t__dji_20260326174236_0001_t_f011760_t000392_00s.jpg
C:\Users\nibre\Desktop\PyrOne\smoke_dataset\data\frames_thermal_batch_01\DJI_20260326174236_0001_T\DJI_20260326174236_0001_T_f011820_t000394.00s.jpg,DJI_20260326174236_0001_T\DJI_20260326174236_0001_T_f011820_t000394.00s.jpg,dji_20260326174236_0001_t__dji_20260326174236_0001_t_f011820_t000394_00s.jpg
C:\Users\nibre\Desktop\PyrOne\smoke_dataset\data\frames_thermal_batch_01\DJI_20260326174236_0001_T\DJI_20260326174236_0001_T_f011880_t000396.00s.jpg,DJI_20260326174236_0001_T\DJI_20260326174236_0001_T_f011880_t000396.00s.jpg,dji_20260326174236_0001_t__dji_20260326174236_0001_t_f011880_t000396_00s.jpg
C:\Users\nibre\Desktop\PyrOne\smoke_dataset\data\frames_thermal_batch_01\DJI_20260326174236_0001_T\DJI_20260326174236_0001_T_f011940_t000398.00s.jpg,DJI_20260326174236_0001_T\DJI_20260326174236_0001_T_f011940_t000398.00s.jpg,dji_20260326174236_0001_t__dji_20260326174236_0001_t_f011940_t000398_00s.jpg
C:\Users\nibre\Desktop\PyrOne\smoke_dataset\data\frames_thermal_batch_01\DJI_20260326174236_0001_T\DJI_20260326174236_0001_T_f012000_t000400.00s.jpg,DJI_20260326174236_0001_T\DJI_20260326174236_0001_T_f012000_t000400.00s.jpg,dji_20260326174236_0001_t__dji_20260326174236_0001_t_f012000_t000400_00s.jpg
C:\Users\nibre\Desktop\PyrOne\smoke_dataset\data\frames_thermal_batch_01\DJI_20260326174236_0001_T\DJI_20260326174236_0001_T_f012060_t000402.00s.jpg,DJI_20260326174236_0001_T\DJI_20260326174236_0001_T_f012060_t000402.00s.jpg,dji_20260326174236_0001_t__dji_20260326174236_0001_t_f012060_t000402_00s.jpg
C:\Users\nibre\Desktop\PyrOne\smoke_dataset\data\frames_thermal_batch_01\DJI_20260326174236_0001_T\DJI_20260326174236_0001_T_f012120_t000404.00s.jpg,DJI_20260326174236_0001_T\DJI_20260326174236_0001_T_f012120_t000404.00s.jpg,dji_20260326174236_0001_t__dji_20260326174236_0001_t_f012120_t000404_00s.jpg
C:\Users\nibre\Desktop\PyrOne\smoke_dataset\data\frames_thermal_batch_01\DJI_20260326174236_0001_T\DJI_20260326174236_0001_T_f012180_t000406.00s.jpg,DJI_20260326174236_0001_T\DJI_20260326174236_0001_T_f012180_t000406.00s.jpg,dji_20260326174236_0001_t__dji_20260326174236_0001_t_f012180_t000406_00s.jpg
C:\Users\nibre\Desktop\PyrOne\smoke_dataset\data\frames_thermal_batch_01\DJI_20260326174236_0001_T\DJI_20260326174236_0001_T_f012300_t000410.00s.jpg,DJI_20260326174236_0001_T\DJI_20260326174236_0001_T_f012300_t000410.00s.jpg,dji_20260326174236_0001_t__dji_20260326174236_0001_t_f012300_t000410_00s.jpg
C:\Users\nibre\Desktop\PyrOne\smoke_dataset\data\frames_thermal_batch_01\DJI_20260326174236_0001_T\DJI_20260326174236_0001_T_f012360_t000412.00s.jpg,DJI_20260326174236_0001_T\DJI_20260326174236_0001_T_f012360_t000412.00s.jpg,dji_20260326174236_0001_t__dji_20260326174236_0001_t_f012360_t000412_00s.jpg
C:\Users\nibre\Desktop\PyrOne\smoke_dataset\data\frames_thermal_batch_01\DJI_20260326174236_0001_T\DJI_20260326174236_0001_T_f012480_t000416.00s.jpg,DJI_20260326174236_0001_T\DJI_20260326174236_0001_T_f012480_t000416.00s.jpg,dji_20260326174236_0001_t__dji_20260326174236_0001_t_f012480_t000416_00s.jpg
C:\Users\nibre\Desktop\PyrOne\smoke_dataset\data\frames_thermal_batch_01\DJI_20260326174236_0001_T\DJI_20260326174236_0001_T_f012540_t000418.00s.jpg,DJI_20260326174236_0001_T\DJI_20260326174236_0001_T_f012540_t000418.00s.jpg,dji_20260326174236_0001_t__dji_20260326174236_0001_t_f012540_t000418_00s.jpg
C:\Users\nibre\Desktop\PyrOne\smoke_dataset\data\frames_thermal_batch_01\DJI_20260326174236_0001_T\DJI_20260326174236_0001_T_f012600_t000420.00s.jpg,DJI_20260326174236_0001_T\DJI_20260326174236_0001_T_f012600_t000420.00s.jpg,dji_20260326174236_0001_t__dji_20260326174236_0001_t_f012600_t000420_00s.jpg
C:\Users\nibre\Desktop\PyrOne\smoke_dataset\data\frames_thermal_batch_01\DJI_20260326174236_0001_T\DJI_20260326174236_0001_T_f012720_t000424.00s.jpg,DJI_20260326174236_0001_T\DJI_20260326174236_0001_T_f012720_t000424.00s.jpg,dji_20260326174236_0001_t__dji_20260326174236_0001_t_f012720_t000424_00s.jpg
C:\Users\nibre\Desktop\PyrOne\smoke_dataset\data\frames_thermal_batch_01\DJI_20260326174236_0001_T\DJI_20260326174236_0001_T_f012780_t000426.00s.jpg,DJI_20260326174236_0001_T\DJI_20260326174236_0001_T_f012780_t000426.00s.jpg,dji_20260326174236_0001_t__dji_20260326174236_0001_t_f012780_t000426_00s.jpg
C:\Users\nibre\Desktop\PyrOne\smoke_dataset\data\frames_thermal_batch_01\DJI_20260326174236_0001_T\DJI_20260326174236_0001_T_f012840_t000428.00s.jpg,DJI_20260326174236_0001_T\DJI_20260326174236_0001_T_f012840_t000428.00s.jpg,dji_20260326174236_0001_t__dji_20260326174236_0001_t_f012840_t000428_00s.jpg
C:\Users\nibre\Desktop\PyrOne\smoke_dataset\data\frames_thermal_batch_01\DJI_20260326174236_0001_T\DJI_20260326174236_0001_T_f012900_t000430.00s.jpg,DJI_20260326174236_0001_T\DJI_20260326174236_0001_T_f012900_t000430.00s.jpg,dji_20260326174236_0001_t__dji_20260326174236_0001_t_f012900_t000430_00s.jpg
C:\Users\nibre\Desktop\PyrOne\smoke_dataset\data\frames_thermal_batch_01\DJI_20260326174236_0001_T\DJI_20260326174236_0001_T_f012960_t000432.00s.jpg,DJI_20260326174236_0001_T\DJI_20260326174236_0001_T_f012960_t000432.00s.jpg,dji_20260326174236_0001_t__dji_20260326174236_0001_t_f012960_t000432_00s.jpg
C:\Users\nibre\Desktop\PyrOne\smoke_dataset\data\frames_thermal_batch_01\DJI_20260326174236_0001_T\DJI_20260326174236_0001_T_f013020_t000434.00s.jpg,DJI_20260326174236_0001_T\DJI_20260326174236_0001_T_f013020_t000434.00s.jpg,dji_20260326174236_0001_t__dji_20260326174236_0001_t_f013020_t000434_00s.jpg
C:\Users\nibre\Desktop\PyrOne\smoke_dataset\data\frames_thermal_batch_01\DJI_20260326174236_0001_T\DJI_20260326174236_0001_T_f013080_t000436.00s.jpg,DJI_20260326174236_0001_T\DJI_20260326174236_0001_T_f013080_t000436.00s.jpg,dji_20260326174236_0001_t__dji_20260326174236_0001_t_f013080_t000436_00s.jpg
C:\Users\nibre\Desktop\PyrOne\smoke_dataset\data\frames_thermal_batch_01\DJI_20260326174236_0001_T\DJI_20260326174236_0001_T_f013140_t000438.00s.jpg,DJI_20260326174236_0001_T\DJI_20260326174236_0001_T_f013140_t000438.00s.jpg,dji_20260326174236_0001_t__dji_20260326174236_0001_t_f013140_t000438_00s.jpg
C:\Users\nibre\Desktop\PyrOne\smoke_dataset\data\frames_thermal_batch_01\DJI_20260326174236_0001_T\DJI_20260326174236_0001_T_f013320_t000444.00s.jpg,DJI_20260326174236_0001_T\DJI_20260326174236_0001_T_f013320_t000444.00s.jpg,dji_20260326174236_0001_t__dji_20260326174236_0001_t_f013320_t000444_00s.jpg
C:\Users\nibre\Desktop\PyrOne\smoke_dataset\data\frames_thermal_batch_01\DJI_20260326174236_0001_T\DJI_20260326174236_0001_T_f013380_t000446.00s.jpg,DJI_20260326174236_0001_T\DJI_20260326174236_0001_T_f013380_t000446.00s.jpg,dji_20260326174236_0001_t__dji_20260326174236_0001_t_f013380_t000446_00s.jpg
C:\Users\nibre\Desktop\PyrOne\smoke_dataset\data\frames_thermal_batch_01\DJI_20260326174236_0001_T\DJI_20260326174236_0001_T_f013440_t000448.00s.jpg,DJI_20260326174236_0001_T\DJI_20260326174236_0001_T_f013440_t000448.00s.jpg,dji_20260326174236_0001_t__dji_20260326174236_0001_t_f013440_t000448_00s.jpg
C:\Users\nibre\Desktop\PyrOne\smoke_dataset\data\frames_thermal_batch_01\DJI_20260326174236_0001_T\DJI_20260326174236_0001_T_f013500_t000450.00s.jpg,DJI_20260326174236_0001_T\DJI_20260326174236_0001_T_f013500_t000450.00s.jpg,dji_20260326174236_0001_t__dji_20260326174236_0001_t_f013500_t000450_00s.jpg
C:\Users\nibre\Desktop\PyrOne\smoke_dataset\data\frames_thermal_batch_01\DJI_20260326174236_0001_T\DJI_20260326174236_0001_T_f013560_t000452.00s.jpg,DJI_20260326174236_0001_T\DJI_20260326174236_0001_T_f013560_t000452.00s.jpg,dji_20260326174236_0001_t__dji_20260326174236_0001_t_f013560_t000452_00s.jpg
C:\Users\nibre\Desktop\PyrOne\smoke_dataset\data\frames_thermal_batch_01\DJI_20260326174236_0001_T\DJI_20260326174236_0001_T_f013620_t000454.00s.jpg,DJI_20260326174236_0001_T\DJI_20260326174236_0001_T_f013620_t000454.00s.jpg,dji_20260326174236_0001_t__dji_20260326174236_0001_t_f013620_t000454_00s.jpg
C:\Users\nibre\Desktop\PyrOne\smoke_dataset\data\frames_thermal_batch_01\DJI_20260326174236_0001_T\DJI_20260326174236_0001_T_f013680_t000456.00s.jpg,DJI_20260326174236_0001_T\DJI_20260326174236_0001_T_f013680_t000456.00s.jpg,dji_20260326174236_0001_t__dji_20260326174236_0001_t_f013680_t000456_00s.jpg
C:\Users\nibre\Desktop\PyrOne\smoke_dataset\data\frames_thermal_batch_01\DJI_20260326174236_0001_T\DJI_20260326174236_0001_T_f013740_t000458.00s.jpg,DJI_20260326174236_0001_T\DJI_20260326174236_0001_T_f013740_t000458.00s.jpg,dji_20260326174236_0001_t__dji_20260326174236_0001_t_f013740_t000458_00s.jpg
C:\Users\nibre\Desktop\PyrOne\smoke_dataset\data\frames_thermal_batch_01\DJI_20260326174236_0001_T\DJI_20260326174236_0001_T_f013800_t000460.00s.jpg,DJI_20260326174236_0001_T\DJI_20260326174236_0001_T_f013800_t000460.00s.jpg,dji_20260326174236_0001_t__dji_20260326174236_0001_t_f013800_t000460_00s.jpg
C:\Users\nibre\Desktop\PyrOne\smoke_dataset\data\frames_thermal_batch_01\DJI_20260326174236_0001_T\DJI_20260326174236_0001_T_f013860_t000462.00s.jpg,DJI_20260326174236_0001_T\DJI_20260326174236_0001_T_f013860_t000462.00s.jpg,dji_20260326174236_0001_t__dji_20260326174236_0001_t_f013860_t000462_00s.jpg
C:\Users\nibre\Desktop\PyrOne\smoke_dataset\data\frames_thermal_batch_01\DJI_20260326174236_0001_T\DJI_20260326174236_0001_T_f013920_t000464.00s.jpg,DJI_20260326174236_0001_T\DJI_20260326174236_0001_T_f013920_t000464.00s.jpg,dji_20260326174236_0001_t__dji_20260326174236_0001_t_f013920_t000464_00s.jpg
C:\Users\nibre\Desktop\PyrOne\smoke_dataset\data\frames_thermal_batch_01\DJI_20260326174236_0001_T\DJI_20260326174236_0001_T_f013980_t000466.00s.jpg,DJI_20260326174236_0001_T\DJI_20260326174236_0001_T_f013980_t000466.00s.jpg,dji_20260326174236_0001_t__dji_20260326174236_0001_t_f013980_t000466_00s.jpg
C:\Users\nibre\Desktop\PyrOne\smoke_dataset\data\frames_thermal_batch_01\DJI_20260326174236_0001_T\DJI_20260326174236_0001_T_f014040_t000468.00s.jpg,DJI_20260326174236_0001_T\DJI_20260326174236_0001_T_f014040_t000468.00s.jpg,dji_20260326174236_0001_t__dji_20260326174236_0001_t_f014040_t000468_00s.jpg
C:\Users\nibre\Desktop\PyrOne\smoke_dataset\data\frames_thermal_batch_01\DJI_20260326174236_0001_T\DJI_20260326174236_0001_T_f014100_t000470.00s.jpg,DJI_20260326174236_0001_T\DJI_20260326174236_0001_T_f014100_t000470.00s.jpg,dji_20260326174236_0001_t__dji_20260326174236_0001_t_f014100_t000470_00s.jpg
C:\Users\nibre\Desktop\PyrOne\smoke_dataset\data\frames_thermal_batch_01\DJI_20260326174236_0001_T\DJI_20260326174236_0001_T_f014160_t000472.00s.jpg,DJI_20260326174236_0001_T\DJI_20260326174236_0001_T_f014160_t000472.00s.jpg,dji_20260326174236_0001_t__dji_20260326174236_0001_t_f014160_t000472_00s.jpg
C:\Users\nibre\Desktop\PyrOne\smoke_dataset\data\frames_thermal_batch_01\DJI_20260326174236_0001_T\DJI_20260326174236_0001_T_f014220_t000474.00s.jpg,DJI_20260326174236_0001_T\DJI_20260326174236_0001_T_f014220_t000474.00s.jpg,dji_20260326174236_0001_t__dji_20260326174236_0001_t_f014220_t000474_00s.jpg
C:\Users\nibre\Desktop\PyrOne\smoke_dataset\data\frames_thermal_batch_01\DJI_20260326174236_0001_T\DJI_20260326174236_0001_T_f014280_t000476.00s.jpg,DJI_20260326174236_0001_T\DJI_20260326174236_0001_T_f014280_t000476.00s.jpg,dji_20260326174236_0001_t__dji_20260326174236_0001_t_f014280_t000476_00s.jpg
C:\Users\nibre\Desktop\PyrOne\smoke_dataset\data\frames_thermal_batch_01\DJI_20260326174236_0001_T\DJI_20260326174236_0001_T_f014340_t000478.00s.jpg,DJI_20260326174236_0001_T\DJI_20260326174236_0001_T_f014340_t000478.00s.jpg,dji_20260326174236_0001_t__dji_20260326174236_0001_t_f014340_t000478_00s.jpg
C:\Users\nibre\Desktop\PyrOne\smoke_dataset\data\frames_thermal_batch_01\DJI_20260326174236_0001_T\DJI_20260326174236_0001_T_f014400_t000480.00s.jpg,DJI_20260326174236_0001_T\DJI_20260326174236_0001_T_f014400_t000480.00s.jpg,dji_20260326174236_0001_t__dji_20260326174236_0001_t_f014400_t000480_00s.jpg
C:\Users\nibre\Desktop\PyrOne\smoke_dataset\data\frames_thermal_batch_01\DJI_20260326174236_0001_T\DJI_20260326174236_0001_T_f014460_t000482.00s.jpg,DJI_20260326174236_0001_T\DJI_20260326174236_0001_T_f014460_t000482.00s.jpg,dji_20260326174236_0001_t__dji_20260326174236_0001_t_f014460_t000482_00s.jpg
C:\Users\nibre\Desktop\PyrOne\smoke_dataset\data\frames_thermal_batch_01\DJI_20260326174236_0001_T\DJI_20260326174236_0001_T_f014520_t000484.00s.jpg,DJI_20260326174236_0001_T\DJI_20260326174236_0001_T_f014520_t000484.00s.jpg,dji_20260326174236_0001_t__dji_20260326174236_0001_t_f014520_t000484_00s.jpg
C:\Users\nibre\Desktop\PyrOne\smoke_dataset\data\frames_thermal_batch_01\DJI_20260326174236_0001_T\DJI_20260326174236_0001_T_f014580_t000486.00s.jpg,DJI_20260326174236_0001_T\DJI_20260326174236_0001_T_f014580_t000486.00s.jpg,dji_20260326174236_0001_t__dji_20260326174236_0001_t_f014580_t000486_00s.jpg
C:\Users\nibre\Desktop\PyrOne\smoke_dataset\data\frames_thermal_batch_01\DJI_20260326174236_0001_T\DJI_20260326174236_0001_T_f014640_t000488.00s.jpg,DJI_20260326174236_0001_T\DJI_20260326174236_0001_T_f014640_t000488.00s.jpg,dji_20260326174236_0001_t__dji_20260326174236_0001_t_f014640_t000488_00s.jpg
C:\Users\nibre\Desktop\PyrOne\smoke_dataset\data\frames_thermal_batch_01\DJI_20260326174236_0001_T\DJI_20260326174236_0001_T_f014700_t000490.00s.jpg,DJI_20260326174236_0001_T\DJI_20260326174236_0001_T_f014700_t000490.00s.jpg,dji_20260326174236_0001_t__dji_20260326174236_0001_t_f014700_t000490_00s.jpg
C:\Users\nibre\Desktop\PyrOne\smoke_dataset\data\frames_thermal_batch_01\DJI_20260326174236_0001_T\DJI_20260326174236_0001_T_f014760_t000492.00s.jpg,DJI_20260326174236_0001_T\DJI_20260326174236_0001_T_f014760_t000492.00s.jpg,dji_20260326174236_0001_t__dji_20260326174236_0001_t_f014760_t000492_00s.jpg
C:\Users\nibre\Desktop\PyrOne\smoke_dataset\data\frames_thermal_batch_01\DJI_20260326174236_0001_T\DJI_20260326174236_0001_T_f014820_t000494.00s.jpg,DJI_20260326174236_0001_T\DJI_20260326174236_0001_T_f014820_t000494.00s.jpg,dji_20260326174236_0001_t__dji_20260326174236_0001_t_f014820_t000494_00s.jpg
C:\Users\nibre\Desktop\PyrOne\smoke_dataset\data\frames_thermal_batch_01\DJI_20260326174236_0001_T\DJI_20260326174236_0001_T_f014880_t000496.00s.jpg,DJI_20260326174236_0001_T\DJI_20260326174236_0001_T_f014880_t000496.00s.jpg,dji_20260326174236_0001_t__dji_20260326174236_0001_t_f014880_t000496_00s.jpg
C:\Users\nibre\Desktop\PyrOne\smoke_dataset\data\frames_thermal_batch_01\DJI_20260326174236_0001_T\DJI_20260326174236_0001_T_f014940_t000498.00s.jpg,DJI_20260326174236_0001_T\DJI_20260326174236_0001_T_f014940_t000498.00s.jpg,dji_20260326174236_0001_t__dji_20260326174236_0001_t_f014940_t000498_00s.jpg
C:\Users\nibre\Desktop\PyrOne\smoke_dataset\data\frames_thermal_batch_01\DJI_20260326174236_0001_T\DJI_20260326174236_0001_T_f015000_t000500.00s.jpg,DJI_20260326174236_0001_T\DJI_20260326174236_0001_T_f015000_t000500.00s.jpg,dji_20260326174236_0001_t__dji_20260326174236_0001_t_f015000_t000500_00s.jpg
C:\Users\nibre\Desktop\PyrOne\smoke_dataset\data\frames_thermal_batch_01\DJI_20260326174236_0001_T\DJI_20260326174236_0001_T_f015060_t000502.00s.jpg,DJI_20260326174236_0001_T\DJI_20260326174236_0001_T_f015060_t000502.00s.jpg,dji_20260326174236_0001_t__dji_20260326174236_0001_t_f015060_t000502_00s.jpg
C:\Users\nibre\Desktop\PyrOne\smoke_dataset\data\frames_thermal_batch_01\DJI_20260326174236_0001_T\DJI_20260326174236_0001_T_f015120_t000504.00s.jpg,DJI_20260326174236_0001_T\DJI_20260326174236_0001_T_f015120_t000504.00s.jpg,dji_20260326174236_0001_t__dji_20260326174236_0001_t_f015120_t000504_00s.jpg
C:\Users\nibre\Desktop\PyrOne\smoke_dataset\data\frames_thermal_batch_01\DJI_20260326174236_0001_T\DJI_20260326174236_0001_T_f015180_t000506.00s.jpg,DJI_20260326174236_0001_T\DJI_20260326174236_0001_T_f015180_t000506.00s.jpg,dji_20260326174236_0001_t__dji_20260326174236_0001_t_f015180_t000506_00s.jpg
C:\Users\nibre\Desktop\PyrOne\smoke_dataset\data\frames_thermal_batch_01\DJI_20260326174236_0001_T\DJI_20260326174236_0001_T_f015240_t000508.00s.jpg,DJI_20260326174236_0001_T\DJI_20260326174236_0001_T_f015240_t000508.00s.jpg,dji_20260326174236_0001_t__dji_20260326174236_0001_t_f015240_t000508_00s.jpg
C:\Users\nibre\Desktop\PyrOne\smoke_dataset\data\frames_thermal_batch_01\DJI_20260326174236_0001_T\DJI_20260326174236_0001_T_f015300_t000510.00s.jpg,DJI_20260326174236_0001_T\DJI_20260326174236_0001_T_f015300_t000510.00s.jpg,dji_20260326174236_0001_t__dji_20260326174236_0001_t_f015300_t000510_00s.jpg
C:\Users\nibre\Desktop\PyrOne\smoke_dataset\data\frames_thermal_batch_01\DJI_20260326174236_0001_T\DJI_20260326174236_0001_T_f015360_t000512.00s.jpg,DJI_20260326174236_0001_T\DJI_20260326174236_0001_T_f015360_t000512.00s.jpg,dji_20260326174236_0001_t__dji_20260326174236_0001_t_f015360_t000512_00s.jpg
C:\Users\nibre\Desktop\PyrOne\smoke_dataset\data\frames_thermal_batch_01\DJI_20260326174236_0001_T\DJI_20260326174236_0001_T_f015420_t000514.00s.jpg,DJI_20260326174236_0001_T\DJI_20260326174236_0001_T_f015420_t000514.00s.jpg,dji_20260326174236_0001_t__dji_20260326174236_0001_t_f015420_t000514_00s.jpg
C:\Users\nibre\Desktop\PyrOne\smoke_dataset\data\frames_thermal_batch_01\DJI_20260326174236_0001_T\DJI_20260326174236_0001_T_f015480_t000516.00s.jpg,DJI_20260326174236_0001_T\DJI_20260326174236_0001_T_f015480_t000516.00s.jpg,dji_20260326174236_0001_t__dji_20260326174236_0001_t_f015480_t000516_00s.jpg
C:\Users\nibre\Desktop\PyrOne\smoke_dataset\data\frames_thermal_batch_01\DJI_20260326174236_0001_T\DJI_20260326174236_0001_T_f015540_t000518.00s.jpg,DJI_20260326174236_0001_T\DJI_20260326174236_0001_T_f015540_t000518.00s.jpg,dji_20260326174236_0001_t__dji_20260326174236_0001_t_f015540_t000518_00s.jpg
C:\Users\nibre\Desktop\PyrOne\smoke_dataset\data\frames_thermal_batch_01\DJI_20260326174236_0001_T\DJI_20260326174236_0001_T_f015600_t000520.00s.jpg,DJI_20260326174236_0001_T\DJI_20260326174236_0001_T_f015600_t000520.00s.jpg,dji_20260326174236_0001_t__dji_20260326174236_0001_t_f015600_t000520_00s.jpg
C:\Users\nibre\Desktop\PyrOne\smoke_dataset\data\frames_thermal_batch_01\DJI_20260326174236_0001_T\DJI_20260326174236_0001_T_f015660_t000522.00s.jpg,DJI_20260326174236_0001_T\DJI_20260326174236_0001_T_f015660_t000522.00s.jpg,dji_20260326174236_0001_t__dji_20260326174236_0001_t_f015660_t000522_00s.jpg
C:\Users\nibre\Desktop\PyrOne\smoke_dataset\data\frames_thermal_batch_01\DJI_20260326174236_0001_T\DJI_20260326174236_0001_T_f015720_t000524.00s.jpg,DJI_20260326174236_0001_T\DJI_20260326174236_0001_T_f015720_t000524.00s.jpg,dji_20260326174236_0001_t__dji_20260326174236_0001_t_f015720_t000524_00s.jpg
C:\Users\nibre\Desktop\PyrOne\smoke_dataset\data\frames_thermal_batch_01\DJI_20260326174236_0001_T\DJI_20260326174236_0001_T_f015840_t000528.00s.jpg,DJI_20260326174236_0001_T\DJI_20260326174236_0001_T_f015840_t000528.00s.jpg,dji_20260326174236_0001_t__dji_20260326174236_0001_t_f015840_t000528_00s.jpg
C:\Users\nibre\Desktop\PyrOne\smoke_dataset\data\frames_thermal_batch_01\DJI_20260326174236_0001_T\DJI_20260326174236_0001_T_f015900_t000530.00s.jpg,DJI_20260326174236_0001_T\DJI_20260326174236_0001_T_f015900_t000530.00s.jpg,dji_20260326174236_0001_t__dji_20260326174236_0001_t_f015900_t000530_00s.jpg
C:\Users\nibre\Desktop\PyrOne\smoke_dataset\data\frames_thermal_batch_01\DJI_20260326174236_0001_T\DJI_20260326174236_0001_T_f015960_t000532.00s.jpg,DJI_20260326174236_0001_T\DJI_20260326174236_0001_T_f015960_t000532.00s.jpg,dji_20260326174236_0001_t__dji_20260326174236_0001_t_f015960_t000532_00s.jpg
C:\Users\nibre\Desktop\PyrOne\smoke_dataset\data\frames_thermal_batch_01\DJI_20260326174236_0001_T\DJI_20260326174236_0001_T_f016020_t000534.00s.jpg,DJI_20260326174236_0001_T\DJI_20260326174236_0001_T_f016020_t000534.00s.jpg,dji_20260326174236_0001_t__dji_20260326174236_0001_t_f016020_t000534_00s.jpg
C:\Users\nibre\Desktop\PyrOne\smoke_dataset\data\frames_thermal_batch_01\DJI_20260326174236_0001_T\DJI_20260326174236_0001_T_f016080_t000536.00s.jpg,DJI_20260326174236_0001_T\DJI_20260326174236_0001_T_f016080_t000536.00s.jpg,dji_20260326174236_0001_t__dji_20260326174236_0001_t_f016080_t000536_00s.jpg
C:\Users\nibre\Desktop\PyrOne\smoke_dataset\data\frames_thermal_batch_01\DJI_20260326174236_0001_T\DJI_20260326174236_0001_T_f016140_t000538.00s.jpg,DJI_20260326174236_0001_T\DJI_20260326174236_0001_T_f016140_t000538.00s.jpg,dji_20260326174236_0001_t__dji_20260326174236_0001_t_f016140_t000538_00s.jpg
C:\Users\nibre\Desktop\PyrOne\smoke_dataset\data\frames_thermal_batch_01\DJI_20260326174236_0001_T\DJI_20260326174236_0001_T_f016260_t000542.00s.jpg,DJI_20260326174236_0001_T\DJI_20260326174236_0001_T_f016260_t000542.00s.jpg,dji_20260326174236_0001_t__dji_20260326174236_0001_t_f016260_t000542_00s.jpg
C:\Users\nibre\Desktop\PyrOne\smoke_dataset\data\frames_thermal_batch_01\DJI_20260326174236_0001_T\DJI_20260326174236_0001_T_f016320_t000544.00s.jpg,DJI_20260326174236_0001_T\DJI_20260326174236_0001_T_f016320_t000544.00s.jpg,dji_20260326174236_0001_t__dji_20260326174236_0001_t_f016320_t000544_00s.jpg
C:\Users\nibre\Desktop\PyrOne\smoke_dataset\data\frames_thermal_batch_01\DJI_20260326174236_0001_T\DJI_20260326174236_0001_T_f016440_t000548.00s.jpg,DJI_20260326174236_0001_T\DJI_20260326174236_0001_T_f016440_t000548.00s.jpg,dji_20260326174236_0001_t__dji_20260326174236_0001_t_f016440_t000548_00s.jpg
C:\Users\nibre\Desktop\PyrOne\smoke_dataset\data\frames_thermal_batch_01\DJI_20260326174236_0001_T\DJI_20260326174236_0001_T_f016500_t000550.00s.jpg,DJI_20260326174236_0001_T\DJI_20260326174236_0001_T_f016500_t000550.00s.jpg,dji_20260326174236_0001_t__dji_20260326174236_0001_t_f016500_t000550_00s.jpg
C:\Users\nibre\Desktop\PyrOne\smoke_dataset\data\frames_thermal_batch_01\DJI_20260326174236_0001_T\DJI_20260326174236_0001_T_f016620_t000554.00s.jpg,DJI_20260326174236_0001_T\DJI_20260326174236_0001_T_f016620_t000554.00s.jpg,dji_20260326174236_0001_t__dji_20260326174236_0001_t_f016620_t000554_00s.jpg
C:\Users\nibre\Desktop\PyrOne\smoke_dataset\data\frames_thermal_batch_01\DJI_20260326174236_0001_T\DJI_20260326174236_0001_T_f016680_t000556.00s.jpg,DJI_20260326174236_0001_T\DJI_20260326174236_0001_T_f016680_t000556.00s.jpg,dji_20260326174236_0001_t__dji_20260326174236_0001_t_f016680_t000556_00s.jpg
C:\Users\nibre\Desktop\PyrOne\smoke_dataset\data\frames_thermal_batch_01\DJI_20260326174236_0001_T\DJI_20260326174236_0001_T_f016740_t000558.00s.jpg,DJI_20260326174236_0001_T\DJI_20260326174236_0001_T_f016740_t000558.00s.jpg,dji_20260326174236_0001_t__dji_20260326174236_0001_t_f016740_t000558_00s.jpg
C:\Users\nibre\Desktop\PyrOne\smoke_dataset\data\frames_thermal_batch_01\DJI_20260326174236_0001_T\DJI_20260326174236_0001_T_f016800_t000560.00s.jpg,DJI_20260326174236_0001_T\DJI_20260326174236_0001_T_f016800_t000560.00s.jpg,dji_20260326174236_0001_t__dji_20260326174236_0001_t_f016800_t000560_00s.jpg
C:\Users\nibre\Desktop\PyrOne\smoke_dataset\data\frames_thermal_batch_01\DJI_20260326174236_0001_T\DJI_20260326174236_0001_T_f016860_t000562.00s.jpg,DJI_20260326174236_0001_T\DJI_20260326174236_0001_T_f016860_t000562.00s.jpg,dji_20260326174236_0001_t__dji_20260326174236_0001_t_f016860_t000562_00s.jpg
C:\Users\nibre\Desktop\PyrOne\smoke_dataset\data\frames_thermal_batch_01\DJI_20260326174236_0001_T\DJI_20260326174236_0001_T_f016920_t000564.00s.jpg,DJI_20260326174236_0001_T\DJI_20260326174236_0001_T_f016920_t000564.00s.jpg,dji_20260326174236_0001_t__dji_20260326174236_0001_t_f016920_t000564_00s.jpg
C:\Users\nibre\Desktop\PyrOne\smoke_dataset\data\frames_thermal_batch_01\DJI_20260326174236_0001_T\DJI_20260326174236_0001_T_f016980_t000566.00s.jpg,DJI_20260326174236_0001_T\DJI_20260326174236_0001_T_f016980_t000566.00s.jpg,dji_20260326174236_0001_t__dji_20260326174236_0001_t_f016980_t000566_00s.jpg
C:\Users\nibre\Desktop\PyrOne\smoke_dataset\data\frames_thermal_batch_01\DJI_20260326174236_0001_T\DJI_20260326174236_0001_T_f017040_t000568.00s.jpg,DJI_20260326174236_0001_T\DJI_20260326174236_0001_T_f017040_t000568.00s.jpg,dji_20260326174236_0001_t__dji_20260326174236_0001_t_f017040_t000568_00s.jpg
C:\Users\nibre\Desktop\PyrOne\smoke_dataset\data\frames_thermal_batch_01\DJI_20260326174236_0001_T\DJI_20260326174236_0001_T_f017100_t000570.00s.jpg,DJI_20260326174236_0001_T\DJI_20260326174236_0001_T_f017100_t000570.00s.jpg,dji_20260326174236_0001_t__dji_20260326174236_0001_t_f017100_t000570_00s.jpg
C:\Users\nibre\Desktop\PyrOne\smoke_dataset\data\frames_thermal_batch_01\DJI_20260326174236_0001_T\DJI_20260326174236_0001_T_f017160_t000572.00s.jpg,DJI_20260326174236_0001_T\DJI_20260326174236_0001_T_f017160_t000572.00s.jpg,dji_20260326174236_0001_t__dji_20260326174236_0001_t_f017160_t000572_00s.jpg
C:\Users\nibre\Desktop\PyrOne\smoke_dataset\data\frames_thermal_batch_01\DJI_20260326174236_0001_T\DJI_20260326174236_0001_T_f017220_t000574.00s.jpg,DJI_20260326174236_0001_T\DJI_20260326174236_0001_T_f017220_t000574.00s.jpg,dji_20260326174236_0001_t__dji_20260326174236_0001_t_f017220_t000574_00s.jpg
C:\Users\nibre\Desktop\PyrOne\smoke_dataset\data\frames_thermal_batch_01\DJI_20260326174236_0001_T\DJI_20260326174236_0001_T_f017280_t000576.00s.jpg,DJI_20260326174236_0001_T\DJI_20260326174236_0001_T_f017280_t000576.00s.jpg,dji_20260326174236_0001_t__dji_20260326174236_0001_t_f017280_t000576_00s.jpg
C:\Users\nibre\Desktop\PyrOne\smoke_dataset\data\frames_thermal_batch_01\DJI_20260326174236_0001_T\DJI_20260326174236_0001_T_f017340_t000578.00s.jpg,DJI_20260326174236_0001_T\DJI_20260326174236_0001_T_f017340_t000578.00s.jpg,dji_20260326174236_0001_t__dji_20260326174236_0001_t_f017340_t000578_00s.jpg
C:\Users\nibre\Desktop\PyrOne\smoke_dataset\data\frames_thermal_batch_01\DJI_20260326174236_0001_T\DJI_20260326174236_0001_T_f017400_t000580.00s.jpg,DJI_20260326174236_0001_T\DJI_20260326174236_0001_T_f017400_t000580.00s.jpg,dji_20260326174236_0001_t__dji_20260326174236_0001_t_f017400_t000580_00s.jpg
C:\Users\nibre\Desktop\PyrOne\smoke_dataset\data\frames_thermal_batch_01\DJI_20260326174236_0001_T\DJI_20260326174236_0001_T_f017460_t000582.00s.jpg,DJI_20260326174236_0001_T\DJI_20260326174236_0001_T_f017460_t000582.00s.jpg,dji_20260326174236_0001_t__dji_20260326174236_0001_t_f017460_t000582_00s.jpg
C:\Users\nibre\Desktop\PyrOne\smoke_dataset\data\frames_thermal_batch_01\DJI_20260326174236_0001_T\DJI_20260326174236_0001_T_f017520_t000584.00s.jpg,DJI_20260326174236_0001_T\DJI_20260326174236_0001_T_f017520_t000584.00s.jpg,dji_20260326174236_0001_t__dji_20260326174236_0001_t_f017520_t000584_00s.jpg
C:\Users\nibre\Desktop\PyrOne\smoke_dataset\data\frames_thermal_batch_01\DJI_20260326174236_0001_T\DJI_20260326174236_0001_T_f017580_t000586.00s.jpg,DJI_20260326174236_0001_T\DJI_20260326174236_0001_T_f017580_t000586.00s.jpg,dji_20260326174236_0001_t__dji_20260326174236_0001_t_f017580_t000586_00s.jpg
C:\Users\nibre\Desktop\PyrOne\smoke_dataset\data\frames_thermal_batch_01\DJI_20260326174236_0001_T\DJI_20260326174236_0001_T_f017640_t000588.00s.jpg,DJI_20260326174236_0001_T\DJI_20260326174236_0001_T_f017640_t000588.00s.jpg,dji_20260326174236_0001_t__dji_20260326174236_0001_t_f017640_t000588_00s.jpg
C:\Users\nibre\Desktop\PyrOne\smoke_dataset\data\frames_thermal_batch_01\DJI_20260326174236_0001_T\DJI_20260326174236_0001_T_f017760_t000592.00s.jpg,DJI_20260326174236_0001_T\DJI_20260326174236_0001_T_f017760_t000592.00s.jpg,dji_20260326174236_0001_t__dji_20260326174236_0001_t_f017760_t000592_00s.jpg
C:\Users\nibre\Desktop\PyrOne\smoke_dataset\data\frames_thermal_batch_01\DJI_20260326174236_0001_T\DJI_20260326174236_0001_T_f017820_t000594.00s.jpg,DJI_20260326174236_0001_T\DJI_20260326174236_0001_T_f017820_t000594.00s.jpg,dji_20260326174236_0001_t__dji_20260326174236_0001_t_f017820_t000594_00s.jpg
C:\Users\nibre\Desktop\PyrOne\smoke_dataset\data\frames_thermal_batch_01\DJI_20260326174236_0001_T\DJI_20260326174236_0001_T_f017880_t000596.00s.jpg,DJI_20260326174236_0001_T\DJI_20260326174236_0001_T_f017880_t000596.00s.jpg,dji_20260326174236_0001_t__dji_20260326174236_0001_t_f017880_t000596_00s.jpg
C:\Users\nibre\Desktop\PyrOne\smoke_dataset\data\frames_thermal_batch_01\DJI_20260326174236_0001_T\DJI_20260326174236_0001_T_f017940_t000598.00s.jpg,DJI_20260326174236_0001_T\DJI_20260326174236_0001_T_f017940_t000598.00s.jpg,dji_20260326174236_0001_t__dji_20260326174236_0001_t_f017940_t000598_00s.jpg
C:\Users\nibre\Desktop\PyrOne\smoke_dataset\data\frames_thermal_batch_01\DJI_20260326174236_0001_T\DJI_20260326174236_0001_T_f018000_t000600.00s.jpg,DJI_20260326174236_0001_T\DJI_20260326174236_0001_T_f018000_t000600.00s.jpg,dji_20260326174236_0001_t__dji_20260326174236_0001_t_f018000_t000600_00s.jpg
C:\Users\nibre\Desktop\PyrOne\smoke_dataset\data\frames_thermal_batch_01\DJI_20260326174236_0001_T\DJI_20260326174236_0001_T_f018060_t000602.00s.jpg,DJI_20260326174236_0001_T\DJI_20260326174236_0001_T_f018060_t000602.00s.jpg,dji_20260326174236_0001_t__dji_20260326174236_0001_t_f018060_t000602_00s.jpg
C:\Users\nibre\Desktop\PyrOne\smoke_dataset\data\frames_thermal_batch_01\DJI_20260326174236_0001_T\DJI_20260326174236_0001_T_f018120_t000604.00s.jpg,DJI_20260326174236_0001_T\DJI_20260326174236_0001_T_f018120_t000604.00s.jpg,dji_20260326174236_0001_t__dji_20260326174236_0001_t_f018120_t000604_00s.jpg
C:\Users\nibre\Desktop\PyrOne\smoke_dataset\data\frames_thermal_batch_01\DJI_20260326174236_0001_T\DJI_20260326174236_0001_T_f018180_t000606.00s.jpg,DJI_20260326174236_0001_T\DJI_20260326174236_0001_T_f018180_t000606.00s.jpg,dji_20260326174236_0001_t__dji_20260326174236_0001_t_f018180_t000606_00s.jpg
C:\Users\nibre\Desktop\PyrOne\smoke_dataset\data\frames_thermal_batch_01\DJI_20260326174236_0001_T\DJI_20260326174236_0001_T_f018240_t000608.00s.jpg,DJI_20260326174236_0001_T\DJI_20260326174236_0001_T_f018240_t000608.00s.jpg,dji_20260326174236_0001_t__dji_20260326174236_0001_t_f018240_t000608_00s.jpg
C:\Users\nibre\Desktop\PyrOne\smoke_dataset\data\frames_thermal_batch_01\DJI_20260326174236_0001_T\DJI_20260326174236_0001_T_f018420_t000614.00s.jpg,DJI_20260326174236_0001_T\DJI_20260326174236_0001_T_f018420_t000614.00s.jpg,dji_20260326174236_0001_t__dji_20260326174236_0001_t_f018420_t000614_00s.jpg
C:\Users\nibre\Desktop\PyrOne\smoke_dataset\data\frames_thermal_batch_01\DJI_20260326174236_0001_T\DJI_20260326174236_0001_T_f018600_t000620.00s.jpg,DJI_20260326174236_0001_T\DJI_20260326174236_0001_T_f018600_t000620.00s.jpg,dji_20260326174236_0001_t__dji_20260326174236_0001_t_f018600_t000620_00s.jpg
C:\Users\nibre\Desktop\PyrOne\smoke_dataset\data\frames_thermal_batch_01\DJI_20260326174236_0001_T\DJI_20260326174236_0001_T_f018660_t000622.00s.jpg,DJI_20260326174236_0001_T\DJI_20260326174236_0001_T_f018660_t000622.00s.jpg,dji_20260326174236_0001_t__dji_20260326174236_0001_t_f018660_t000622_00s.jpg
C:\Users\nibre\Desktop\PyrOne\smoke_dataset\data\frames_thermal_batch_01\DJI_20260326174236_0001_T\DJI_20260326174236_0001_T_f018720_t000624.00s.jpg,DJI_20260326174236_0001_T\DJI_20260326174236_0001_T_f018720_t000624.00s.jpg,dji_20260326174236_0001_t__dji_20260326174236_0001_t_f018720_t000624_00s.jpg
C:\Users\nibre\Desktop\PyrOne\smoke_dataset\data\frames_thermal_batch_01\DJI_20260326174236_0001_T\DJI_20260326174236_0001_T_f018780_t000626.00s.jpg,DJI_20260326174236_0001_T\DJI_20260326174236_0001_T_f018780_t000626.00s.jpg,dji_20260326174236_0001_t__dji_20260326174236_0001_t_f018780_t000626_00s.jpg
C:\Users\nibre\Desktop\PyrOne\smoke_dataset\data\frames_thermal_batch_01\DJI_20260326174236_0001_T\DJI_20260326174236_0001_T_f018840_t000628.00s.jpg,DJI_20260326174236_0001_T\DJI_20260326174236_0001_T_f018840_t000628.00s.jpg,dji_20260326174236_0001_t__dji_20260326174236_0001_t_f018840_t000628_00s.jpg
C:\Users\nibre\Desktop\PyrOne\smoke_dataset\data\frames_thermal_batch_01\DJI_20260326174236_0001_T\DJI_20260326174236_0001_T_f018900_t000630.00s.jpg,DJI_20260326174236_0001_T\DJI_20260326174236_0001_T_f018900_t000630.00s.jpg,dji_20260326174236_0001_t__dji_20260326174236_0001_t_f018900_t000630_00s.jpg
C:\Users\nibre\Desktop\PyrOne\smoke_dataset\data\frames_thermal_batch_01\DJI_20260326174236_0001_T\DJI_20260326174236_0001_T_f019020_t000634.00s.jpg,DJI_20260326174236_0001_T\DJI_20260326174236_0001_T_f019020_t000634.00s.jpg,dji_20260326174236_0001_t__dji_20260326174236_0001_t_f019020_t000634_00s.jpg
C:\Users\nibre\Desktop\PyrOne\smoke_dataset\data\frames_thermal_batch_01\DJI_20260326174236_0001_T\DJI_20260326174236_0001_T_f019200_t000640.00s.jpg,DJI_20260326174236_0001_T\DJI_20260326174236_0001_T_f019200_t000640.00s.jpg,dji_20260326174236_0001_t__dji_20260326174236_0001_t_f019200_t000640_00s.jpg
C:\Users\nibre\Desktop\PyrOne\smoke_dataset\data\frames_thermal_batch_01\DJI_20260326174236_0001_T\DJI_20260326174236_0001_T_f019260_t000642.00s.jpg,DJI_20260326174236_0001_T\DJI_20260326174236_0001_T_f019260_t000642.00s.jpg,dji_20260326174236_0001_t__dji_20260326174236_0001_t_f019260_t000642_00s.jpg
C:\Users\nibre\Desktop\PyrOne\smoke_dataset\data\frames_thermal_batch_01\DJI_20260326174236_0001_T\DJI_20260326174236_0001_T_f019320_t000644.00s.jpg,DJI_20260326174236_0001_T\DJI_20260326174236_0001_T_f019320_t000644.00s.jpg,dji_20260326174236_0001_t__dji_20260326174236_0001_t_f019320_t000644_00s.jpg
C:\Users\nibre\Desktop\PyrOne\smoke_dataset\data\frames_thermal_batch_01\DJI_20260326174236_0001_T\DJI_20260326174236_0001_T_f019380_t000646.00s.jpg,DJI_20260326174236_0001_T\DJI_20260326174236_0001_T_f019380_t000646.00s.jpg,dji_20260326174236_0001_t__dji_20260326174236_0001_t_f019380_t000646_00s.jpg
C:\Users\nibre\Desktop\PyrOne\smoke_dataset\data\frames_thermal_batch_01\DJI_20260326174236_0001_T\DJI_20260326174236_0001_T_f019440_t000648.00s.jpg,DJI_20260326174236_0001_T\DJI_20260326174236_0001_T_f019440_t000648.00s.jpg,dji_20260326174236_0001_t__dji_20260326174236_0001_t_f019440_t000648_00s.jpg
C:\Users\nibre\Desktop\PyrOne\smoke_dataset\data\frames_thermal_batch_01\DJI_20260326174236_0001_T\DJI_20260326174236_0001_T_f019500_t000650.00s.jpg,DJI_20260326174236_0001_T\DJI_20260326174236_0001_T_f019500_t000650.00s.jpg,dji_20260326174236_0001_t__dji_20260326174236_0001_t_f019500_t000650_00s.jpg
C:\Users\nibre\Desktop\PyrOne\smoke_dataset\data\frames_thermal_batch_01\DJI_20260326174236_0001_T\DJI_20260326174236_0001_T_f019560_t000652.00s.jpg,DJI_20260326174236_0001_T\DJI_20260326174236_0001_T_f019560_t000652.00s.jpg,dji_20260326174236_0001_t__dji_20260326174236_0001_t_f019560_t000652_00s.jpg
C:\Users\nibre\Desktop\PyrOne\smoke_dataset\data\frames_thermal_batch_01\DJI_20260326174236_0001_T\DJI_20260326174236_0001_T_f019620_t000654.00s.jpg,DJI_20260326174236_0001_T\DJI_20260326174236_0001_T_f019620_t000654.00s.jpg,dji_20260326174236_0001_t__dji_20260326174236_0001_t_f019620_t000654_00s.jpg
C:\Users\nibre\Desktop\PyrOne\smoke_dataset\data\frames_thermal_batch_01\DJI_20260326174236_0001_T\DJI_20260326174236_0001_T_f019680_t000656.00s.jpg,DJI_20260326174236_0001_T\DJI_20260326174236_0001_T_f019680_t000656.00s.jpg,dji_20260326174236_0001_t__dji_20260326174236_0001_t_f019680_t000656_00s.jpg
C:\Users\nibre\Desktop\PyrOne\smoke_dataset\data\frames_thermal_batch_01\DJI_20260326174236_0001_T\DJI_20260326174236_0001_T_f019740_t000658.00s.jpg,DJI_20260326174236_0001_T\DJI_20260326174236_0001_T_f019740_t000658.00s.jpg,dji_20260326174236_0001_t__dji_20260326174236_0001_t_f019740_t000658_00s.jpg
C:\Users\nibre\Desktop\PyrOne\smoke_dataset\data\frames_thermal_batch_01\DJI_20260326174236_0001_T\DJI_20260326174236_0001_T_f019800_t000660.00s.jpg,DJI_20260326174236_0001_T\DJI_20260326174236_0001_T_f019800_t000660.00s.jpg,dji_20260326174236_0001_t__dji_20260326174236_0001_t_f019800_t000660_00s.jpg
C:\Users\nibre\Desktop\PyrOne\smoke_dataset\data\frames_thermal_batch_01\DJI_20260326174236_0001_T\DJI_20260326174236_0001_T_f019860_t000662.00s.jpg,DJI_20260326174236_0001_T\DJI_20260326174236_0001_T_f019860_t000662.00s.jpg,dji_20260326174236_0001_t__dji_20260326174236_0001_t_f019860_t000662_00s.jpg
C:\Users\nibre\Desktop\PyrOne\smoke_dataset\data\frames_thermal_batch_01\DJI_20260326174236_0001_T\DJI_20260326174236_0001_T_f019920_t000664.00s.jpg,DJI_20260326174236_0001_T\DJI_20260326174236_0001_T_f019920_t000664.00s.jpg,dji_20260326174236_0001_t__dji_20260326174236_0001_t_f019920_t000664_00s.jpg
C:\Users\nibre\Desktop\PyrOne\smoke_dataset\data\frames_thermal_batch_01\DJI_20260326174236_0001_T\DJI_20260326174236_0001_T_f019980_t000666.00s.jpg,DJI_20260326174236_0001_T\DJI_20260326174236_0001_T_f019980_t000666.00s.jpg,dji_20260326174236_0001_t__dji_20260326174236_0001_t_f019980_t000666_00s.jpg
C:\Users\nibre\Desktop\PyrOne\smoke_dataset\data\frames_thermal_batch_01\DJI_20260326174236_0001_T\DJI_20260326174236_0001_T_f020040_t000668.00s.jpg,DJI_20260326174236_0001_T\DJI_20260326174236_0001_T_f020040_t000668.00s.jpg,dji_20260326174236_0001_t__dji_20260326174236_0001_t_f020040_t000668_00s.jpg
C:\Users\nibre\Desktop\PyrOne\smoke_dataset\data\frames_thermal_batch_01\DJI_20260326174236_0001_T\DJI_20260326174236_0001_T_f020100_t000670.00s.jpg,DJI_20260326174236_0001_T\DJI_20260326174236_0001_T_f020100_t000670.00s.jpg,dji_20260326174236_0001_t__dji_20260326174236_0001_t_f020100_t000670_00s.jpg
C:\Users\nibre\Desktop\PyrOne\smoke_dataset\data\frames_thermal_batch_01\DJI_20260326174236_0001_T\DJI_20260326174236_0001_T_f020160_t000672.00s.jpg,DJI_20260326174236_0001_T\DJI_20260326174236_0001_T_f020160_t000672.00s.jpg,dji_20260326174236_0001_t__dji_20260326174236_0001_t_f020160_t000672_00s.jpg
C:\Users\nibre\Desktop\PyrOne\smoke_dataset\data\frames_thermal_batch_01\DJI_20260326174236_0001_T\DJI_20260326174236_0001_T_f020220_t000674.00s.jpg,DJI_20260326174236_0001_T\DJI_20260326174236_0001_T_f020220_t000674.00s.jpg,dji_20260326174236_0001_t__dji_20260326174236_0001_t_f020220_t000674_00s.jpg
C:\Users\nibre\Desktop\PyrOne\smoke_dataset\data\frames_thermal_batch_01\DJI_20260326174236_0001_T\DJI_20260326174236_0001_T_f020280_t000676.00s.jpg,DJI_20260326174236_0001_T\DJI_20260326174236_0001_T_f020280_t000676.00s.jpg,dji_20260326174236_0001_t__dji_20260326174236_0001_t_f020280_t000676_00s.jpg
C:\Users\nibre\Desktop\PyrOne\smoke_dataset\data\frames_thermal_batch_01\DJI_20260326174236_0001_T\DJI_20260326174236_0001_T_f020340_t000678.00s.jpg,DJI_20260326174236_0001_T\DJI_20260326174236_0001_T_f020340_t000678.00s.jpg,dji_20260326174236_0001_t__dji_20260326174236_0001_t_f020340_t000678_00s.jpg
C:\Users\nibre\Desktop\PyrOne\smoke_dataset\data\frames_thermal_batch_01\DJI_20260326174236_0001_T\DJI_20260326174236_0001_T_f020400_t000680.00s.jpg,DJI_20260326174236_0001_T\DJI_20260326174236_0001_T_f020400_t000680.00s.jpg,dji_20260326174236_0001_t__dji_20260326174236_0001_t_f020400_t000680_00s.jpg
C:\Users\nibre\Desktop\PyrOne\smoke_dataset\data\frames_thermal_batch_01\DJI_20260326174236_0001_T\DJI_20260326174236_0001_T_f020460_t000682.00s.jpg,DJI_20260326174236_0001_T\DJI_20260326174236_0001_T_f020460_t000682.00s.jpg,dji_20260326174236_0001_t__dji_20260326174236_0001_t_f020460_t000682_00s.jpg
C:\Users\nibre\Desktop\PyrOne\smoke_dataset\data\frames_thermal_batch_01\DJI_20260326174236_0001_T\DJI_20260326174236_0001_T_f020520_t000684.00s.jpg,DJI_20260326174236_0001_T\DJI_20260326174236_0001_T_f020520_t000684.00s.jpg,dji_20260326174236_0001_t__dji_20260326174236_0001_t_f020520_t000684_00s.jpg
C:\Users\nibre\Desktop\PyrOne\smoke_dataset\data\frames_thermal_batch_01\DJI_20260326174236_0001_T\DJI_20260326174236_0001_T_f020580_t000686.00s.jpg,DJI_20260326174236_0001_T\DJI_20260326174236_0001_T_f020580_t000686.00s.jpg,dji_20260326174236_0001_t__dji_20260326174236_0001_t_f020580_t000686_00s.jpg
C:\Users\nibre\Desktop\PyrOne\smoke_dataset\data\frames_thermal_batch_01\DJI_20260326174236_0001_T\DJI_20260326174236_0001_T_f020640_t000688.00s.jpg,DJI_20260326174236_0001_T\DJI_20260326174236_0001_T_f020640_t000688.00s.jpg,dji_20260326174236_0001_t__dji_20260326174236_0001_t_f020640_t000688_00s.jpg
C:\Users\nibre\Desktop\PyrOne\smoke_dataset\data\frames_thermal_batch_01\DJI_20260326174236_0001_T\DJI_20260326174236_0001_T_f020700_t000690.00s.jpg,DJI_20260326174236_0001_T\DJI_20260326174236_0001_T_f020700_t000690.00s.jpg,dji_20260326174236_0001_t__dji_20260326174236_0001_t_f020700_t000690_00s.jpg
C:\Users\nibre\Desktop\PyrOne\smoke_dataset\data\frames_thermal_batch_01\DJI_20260326174236_0001_T\DJI_20260326174236_0001_T_f020760_t000692.00s.jpg,DJI_20260326174236_0001_T\DJI_20260326174236_0001_T_f020760_t000692.00s.jpg,dji_20260326174236_0001_t__dji_20260326174236_0001_t_f020760_t000692_00s.jpg
C:\Users\nibre\Desktop\PyrOne\smoke_dataset\data\frames_thermal_batch_01\DJI_20260326174236_0001_T\DJI_20260326174236_0001_T_f020820_t000694.00s.jpg,DJI_20260326174236_0001_T\DJI_20260326174236_0001_T_f020820_t000694.00s.jpg,dji_20260326174236_0001_t__dji_20260326174236_0001_t_f020820_t000694_00s.jpg
C:\Users\nibre\Desktop\PyrOne\smoke_dataset\data\frames_thermal_batch_01\DJI_20260326174236_0001_T\DJI_20260326174236_0001_T_f020880_t000696.00s.jpg,DJI_20260326174236_0001_T\DJI_20260326174236_0001_T_f020880_t000696.00s.jpg,dji_20260326174236_0001_t__dji_20260326174236_0001_t_f020880_t000696_00s.jpg
C:\Users\nibre\Desktop\PyrOne\smoke_dataset\data\frames_thermal_batch_01\DJI_20260326174236_0001_T\DJI_20260326174236_0001_T_f020940_t000698.00s.jpg,DJI_20260326174236_0001_T\DJI_20260326174236_0001_T_f020940_t000698.00s.jpg,dji_20260326174236_0001_t__dji_20260326174236_0001_t_f020940_t000698_00s.jpg
C:\Users\nibre\Desktop\PyrOne\smoke_dataset\data\frames_thermal_batch_01\DJI_20260326174236_0001_T\DJI_20260326174236_0001_T_f021000_t000700.00s.jpg,DJI_20260326174236_0001_T\DJI_20260326174236_0001_T_f021000_t000700.00s.jpg,dji_20260326174236_0001_t__dji_20260326174236_0001_t_f021000_t000700_00s.jpg
C:\Users\nibre\Desktop\PyrOne\smoke_dataset\data\frames_thermal_batch_01\DJI_20260326174236_0001_T\DJI_20260326174236_0001_T_f021060_t000702.00s.jpg,DJI_20260326174236_0001_T\DJI_20260326174236_0001_T_f021060_t000702.00s.jpg,dji_20260326174236_0001_t__dji_20260326174236_0001_t_f021060_t000702_00s.jpg
C:\Users\nibre\Desktop\PyrOne\smoke_dataset\data\frames_thermal_batch_01\DJI_20260326174236_0001_T\DJI_20260326174236_0001_T_f021120_t000704.00s.jpg,DJI_20260326174236_0001_T\DJI_20260326174236_0001_T_f021120_t000704.00s.jpg,dji_20260326174236_0001_t__dji_20260326174236_0001_t_f021120_t000704_00s.jpg
C:\Users\nibre\Desktop\PyrOne\smoke_dataset\data\frames_thermal_batch_01\DJI_20260326174236_0001_T\DJI_20260326174236_0001_T_f021180_t000706.00s.jpg,DJI_20260326174236_0001_T\DJI_20260326174236_0001_T_f021180_t000706.00s.jpg,dji_20260326174236_0001_t__dji_20260326174236_0001_t_f021180_t000706_00s.jpg
C:\Users\nibre\Desktop\PyrOne\smoke_dataset\data\frames_thermal_batch_01\DJI_20260326174236_0001_T\DJI_20260326174236_0001_T_f021240_t000708.00s.jpg,DJI_20260326174236_0001_T\DJI_20260326174236_0001_T_f021240_t000708.00s.jpg,dji_20260326174236_0001_t__dji_20260326174236_0001_t_f021240_t000708_00s.jpg
C:\Users\nibre\Desktop\PyrOne\smoke_dataset\data\frames_thermal_batch_01\DJI_20260326174236_0001_T\DJI_20260326174236_0001_T_f021300_t000710.00s.jpg,DJI_20260326174236_0001_T\DJI_20260326174236_0001_T_f021300_t000710.00s.jpg,dji_20260326174236_0001_t__dji_20260326174236_0001_t_f021300_t000710_00s.jpg
C:\Users\nibre\Desktop\PyrOne\smoke_dataset\data\frames_thermal_batch_01\DJI_20260326174236_0001_T\DJI_20260326174236_0001_T_f021360_t000712.00s.jpg,DJI_20260326174236_0001_T\DJI_20260326174236_0001_T_f021360_t000712.00s.jpg,dji_20260326174236_0001_t__dji_20260326174236_0001_t_f021360_t000712_00s.jpg
C:\Users\nibre\Desktop\PyrOne\smoke_dataset\data\frames_thermal_batch_01\DJI_20260326174236_0001_T\DJI_20260326174236_0001_T_f021420_t000714.00s.jpg,DJI_20260326174236_0001_T\DJI_20260326174236_0001_T_f021420_t000714.00s.jpg,dji_20260326174236_0001_t__dji_20260326174236_0001_t_f021420_t000714_00s.jpg
C:\Users\nibre\Desktop\PyrOne\smoke_dataset\data\frames_thermal_batch_01\DJI_20260326174236_0001_T\DJI_20260326174236_0001_T_f021480_t000716.00s.jpg,DJI_20260326174236_0001_T\DJI_20260326174236_0001_T_f021480_t000716.00s.jpg,dji_20260326174236_0001_t__dji_20260326174236_0001_t_f021480_t000716_00s.jpg
C:\Users\nibre\Desktop\PyrOne\smoke_dataset\data\frames_thermal_batch_01\DJI_20260326174236_0001_T\DJI_20260326174236_0001_T_f021540_t000718.00s.jpg,DJI_20260326174236_0001_T\DJI_20260326174236_0001_T_f021540_t000718.00s.jpg,dji_20260326174236_0001_t__dji_20260326174236_0001_t_f021540_t000718_00s.jpg
C:\Users\nibre\Desktop\PyrOne\smoke_dataset\data\frames_thermal_batch_01\DJI_20260326174236_0001_T\DJI_20260326174236_0001_T_f021600_t000720.00s.jpg,DJI_20260326174236_0001_T\DJI_20260326174236_0001_T_f021600_t000720.00s.jpg,dji_20260326174236_0001_t__dji_20260326174236_0001_t_f021600_t000720_00s.jpg
C:\Users\nibre\Desktop\PyrOne\smoke_dataset\data\frames_thermal_batch_01\DJI_20260326174236_0001_T\DJI_20260326174236_0001_T_f021660_t000722.00s.jpg,DJI_20260326174236_0001_T\DJI_20260326174236_0001_T_f021660_t000722.00s.jpg,dji_20260326174236_0001_t__dji_20260326174236_0001_t_f021660_t000722_00s.jpg
C:\Users\nibre\Desktop\PyrOne\smoke_dataset\data\frames_thermal_batch_01\DJI_20260326174236_0001_T\DJI_20260326174236_0001_T_f021720_t000724.00s.jpg,DJI_20260326174236_0001_T\DJI_20260326174236_0001_T_f021720_t000724.00s.jpg,dji_20260326174236_0001_t__dji_20260326174236_0001_t_f021720_t000724_00s.jpg
C:\Users\nibre\Desktop\PyrOne\smoke_dataset\data\frames_thermal_batch_01\DJI_20260326174236_0001_T\DJI_20260326174236_0001_T_f021780_t000726.00s.jpg,DJI_20260326174236_0001_T\DJI_20260326174236_0001_T_f021780_t000726.00s.jpg,dji_20260326174236_0001_t__dji_20260326174236_0001_t_f021780_t000726_00s.jpg
C:\Users\nibre\Desktop\PyrOne\smoke_dataset\data\frames_thermal_batch_01\DJI_20260326174236_0001_T\DJI_20260326174236_0001_T_f021840_t000728.00s.jpg,DJI_20260326174236_0001_T\DJI_20260326174236_0001_T_f021840_t000728.00s.jpg,dji_20260326174236_0001_t__dji_20260326174236_0001_t_f021840_t000728_00s.jpg
C:\Users\nibre\Desktop\PyrOne\smoke_dataset\data\frames_thermal_batch_01\DJI_20260326174236_0001_T\DJI_20260326174236_0001_T_f021900_t000730.00s.jpg,DJI_20260326174236_0001_T\DJI_20260326174236_0001_T_f021900_t000730.00s.jpg,dji_20260326174236_0001_t__dji_20260326174236_0001_t_f021900_t000730_00s.jpg
C:\Users\nibre\Desktop\PyrOne\smoke_dataset\data\frames_thermal_batch_01\DJI_20260326174236_0001_T\DJI_20260326174236_0001_T_f021960_t000732.00s.jpg,DJI_20260326174236_0001_T\DJI_20260326174236_0001_T_f021960_t000732.00s.jpg,dji_20260326174236_0001_t__dji_20260326174236_0001_t_f021960_t000732_00s.jpg
C:\Users\nibre\Desktop\PyrOne\smoke_dataset\data\frames_thermal_batch_01\DJI_20260326174236_0001_T\DJI_20260326174236_0001_T_f022020_t000734.00s.jpg,DJI_20260326174236_0001_T\DJI_20260326174236_0001_T_f022020_t000734.00s.jpg,dji_20260326174236_0001_t__dji_20260326174236_0001_t_f022020_t000734_00s.jpg
C:\Users\nibre\Desktop\PyrOne\smoke_dataset\data\frames_thermal_batch_01\DJI_20260326174236_0001_T\DJI_20260326174236_0001_T_f022080_t000736.00s.jpg,DJI_20260326174236_0001_T\DJI_20260326174236_0001_T_f022080_t000736.00s.jpg,dji_20260326174236_0001_t__dji_20260326174236_0001_t_f022080_t000736_00s.jpg
C:\Users\nibre\Desktop\PyrOne\smoke_dataset\data\frames_thermal_batch_01\DJI_20260326174236_0001_T\DJI_20260326174236_0001_T_f022140_t000738.00s.jpg,DJI_20260326174236_0001_T\DJI_20260326174236_0001_T_f022140_t000738.00s.jpg,dji_20260326174236_0001_t__dji_20260326174236_0001_t_f022140_t000738_00s.jpg
C:\Users\nibre\Desktop\PyrOne\smoke_dataset\data\frames_thermal_batch_01\DJI_20260326174236_0001_T\DJI_20260326174236_0001_T_f022200_t000740.00s.jpg,DJI_20260326174236_0001_T\DJI_20260326174236_0001_T_f022200_t000740.00s.jpg,dji_20260326174236_0001_t__dji_20260326174236_0001_t_f022200_t000740_00s.jpg
C:\Users\nibre\Desktop\PyrOne\smoke_dataset\data\frames_thermal_batch_01\DJI_20260326174236_0001_T\DJI_20260326174236_0001_T_f022260_t000742.00s.jpg,DJI_20260326174236_0001_T\DJI_20260326174236_0001_T_f022260_t000742.00s.jpg,dji_20260326174236_0001_t__dji_20260326174236_0001_t_f022260_t000742_00s.jpg
C:\Users\nibre\Desktop\PyrOne\smoke_dataset\data\frames_thermal_batch_01\DJI_20260326174236_0001_T\DJI_20260326174236_0001_T_f022320_t000744.00s.jpg,DJI_20260326174236_0001_T\DJI_20260326174236_0001_T_f022320_t000744.00s.jpg,dji_20260326174236_0001_t__dji_20260326174236_0001_t_f022320_t000744_00s.jpg
C:\Users\nibre\Desktop\PyrOne\smoke_dataset\data\frames_thermal_batch_01\DJI_20260326174236_0001_T\DJI_20260326174236_0001_T_f022380_t000746.00s.jpg,DJI_20260326174236_0001_T\DJI_20260326174236_0001_T_f022380_t000746.00s.jpg,dji_20260326174236_0001_t__dji_20260326174236_0001_t_f022380_t000746_00s.jpg
C:\Users\nibre\Desktop\PyrOne\smoke_dataset\data\frames_thermal_batch_01\DJI_20260326174236_0001_T\DJI_20260326174236_0001_T_f022440_t000748.00s.jpg,DJI_20260326174236_0001_T\DJI_20260326174236_0001_T_f022440_t000748.00s.jpg,dji_20260326174236_0001_t__dji_20260326174236_0001_t_f022440_t000748_00s.jpg
C:\Users\nibre\Desktop\PyrOne\smoke_dataset\data\frames_thermal_batch_01\DJI_20260326174236_0001_T\DJI_20260326174236_0001_T_f022560_t000752.00s.jpg,DJI_20260326174236_0001_T\DJI_20260326174236_0001_T_f022560_t000752.00s.jpg,dji_20260326174236_0001_t__dji_20260326174236_0001_t_f022560_t000752_00s.jpg
C:\Users\nibre\Desktop\PyrOne\smoke_dataset\data\frames_thermal_batch_01\DJI_20260326174236_0001_T\DJI_20260326174236_0001_T_f022680_t000756.00s.jpg,DJI_20260326174236_0001_T\DJI_20260326174236_0001_T_f022680_t000756.00s.jpg,dji_20260326174236_0001_t__dji_20260326174236_0001_t_f022680_t000756_00s.jpg
