source_video,output_image,relative_image,frame_index,time_seconds,source_fps,width,height,blur_score
videoTermal\DJI_20260326174236_0001_T.MP4,smoke_dataset\data\frames_thermal_batch_01\DJI_20260326174236_0001_T\DJI_20260326174236_0001_T_f000000_t000000.00s.jpg,DJI_20260326174236_0001_T\DJI_20260326174236_0001_T_f000000_t000000.00s.jpg,0,0.00,30.000,1280,1024,2019.08
videoTermal\DJI_20260326174236_0001_T.MP4,smoke_dataset\data\frames_thermal_batch_01\DJI_20260326174236_0001_T\DJI_20260326174236_0001_T_f000060_t000002.00s.jpg,DJI_20260326174236_0001_T\DJI_20260326174236_0001_T_f000060_t000002.00s.jpg,60,2.00,30.000,1280,1024,1999.34
videoTermal\DJI_20260326174236_0001_T.MP4,smoke_dataset\data\frames_thermal_batch_01\DJI_20260326174236_0001_T\DJI_20260326174236_0001_T_f000120_t000004.00s.jpg,DJI_20260326174236_0001_T\DJI_20260326174236_0001_T_f000120_t000004.00s.jpg,120,4.00,30.000,1280,1024,2311.93
videoTermal\DJI_20260326174236_0001_T.MP4,smoke_dataset\data\frames_thermal_batch_01\DJI_20260326174236_0001_T\DJI_20260326174236_0001_T_f000180_t000006.00s.jpg,DJI_20260326174236_0001_T\DJI_20260326174236_0001_T_f000180_t000006.00s.jpg,180,6.00,30.000,1280,1024,2639.17
videoTermal\DJI_20260326174236_0001_T.MP4,smoke_dataset\data\frames_thermal_batch_01\DJI_20260326174236_0001_T\DJI_20260326174236_0001_T_f000240_t000008.00s.jpg,DJI_20260326174236_0001_T\DJI_20260326174236_0001_T_f000240_t000008.00s.jpg,240,8.00,30.000,1280,1024,1834.04
videoTermal\DJI_20260326174236_0001_T.MP4,smoke_dataset\data\frames_thermal_batch_01\DJI_20260326174236_0001_T\DJI_20260326174236_0001_T_f000300_t000010.00s.jpg,DJI_20260326174236_0001_T\DJI_20260326174236_0001_T_f000300_t000010.00s.jpg,300,10.00,30.000,1280,1024,1139.99
videoTermal\DJI_20260326174236_0001_T.MP4,smoke_dataset\data\frames_thermal_batch_01\DJI_20260326174236_0001_T\DJI_20260326174236_0001_T_f000360_t000012.00s.jpg,DJI_20260326174236_0001_T\DJI_20260326174236_0001_T_f000360_t000012.00s.jpg,360,12.00,30.000,1280,1024,1470.02
videoTermal\DJI_20260326174236_0001_T.MP4,smoke_dataset\data\frames_thermal_batch_01\DJI_20260326174236_0001_T\DJI_20260326174236_0001_T_f000420_t000014.00s.jpg,DJI_20260326174236_0001_T\DJI_20260326174236_0001_T_f000420_t000014.00s.jpg,420,14.00,30.000,1280,1024,1568.78
videoTermal\DJI_20260326174236_0001_T.MP4,smoke_dataset\data\frames_thermal_batch_01\DJI_20260326174236_0001_T\DJI_20260326174236_0001_T_f000480_t000016.00s.jpg,DJI_20260326174236_0001_T\DJI_20260326174236_0001_T_f000480_t000016.00s.jpg,480,16.00,30.000,1280,1024,1445.43
videoTermal\DJI_20260326174236_0001_T.MP4,smoke_dataset\data\frames_thermal_batch_01\DJI_20260326174236_0001_T\DJI_20260326174236_0001_T_f000540_t000018.00s.jpg,DJI_20260326174236_0001_T\DJI_20260326174236_0001_T_f000540_t000018.00s.jpg,540,18.00,30.000,1280,1024,1520.16
videoTermal\DJI_20260326174236_0001_T.MP4,smoke_dataset\data\frames_thermal_batch_01\DJI_20260326174236_0001_T\DJI_20260326174236_0001_T_f000600_t000020.00s.jpg,DJI_20260326174236_0001_T\DJI_20260326174236_0001_T_f000600_t000020.00s.jpg,600,20.00,30.000,1280,1024,1595.40
videoTermal\DJI_20260326174236_0001_T.MP4,smoke_dataset\data\frames_thermal_batch_01\DJI_20260326174236_0001_T\DJI_20260326174236_0001_T_f000660_t000022.00s.jpg,DJI_20260326174236_0001_T\DJI_20260326174236_0001_T_f000660_t000022.00s.jpg,660,22.00,30.000,1280,1024,1706.11
videoTermal\DJI_20260326174236_0001_T.MP4,smoke_dataset\data\frames_thermal_batch_01\DJI_20260326174236_0001_T\DJI_20260326174236_0001_T_f000720_t000024.00s.jpg,DJI_20260326174236_0001_T\DJI_20260326174236_0001_T_f000720_t000024.00s.jpg,720,24.00,30.000,1280,1024,1701.68
videoTermal\DJI_20260326174236_0001_T.MP4,smoke_dataset\data\frames_thermal_batch_01\DJI_20260326174236_0001_T\DJI_20260326174236_0001_T_f000780_t000026.00s.jpg,DJI_20260326174236_0001_T\DJI_20260326174236_0001_T_f000780_t000026.00s.jpg,780,26.00,30.000,1280,1024,1647.40
videoTermal\DJI_20260326174236_0001_T.MP4,smoke_dataset\data\frames_thermal_batch_01\DJI_20260326174236_0001_T\DJI_20260326174236_0001_T_f000840_t000028.00s.jpg,DJI_20260326174236_0001_T\DJI_20260326174236_0001_T_f000840_t000028.00s.jpg,840,28.00,30.000,1280,1024,1496.47
videoTermal\DJI_20260326174236_0001_T.MP4,smoke_dataset\data\frames_thermal_batch_01\DJI_20260326174236_0001_T\DJI_20260326174236_0001_T_f000900_t000030.00s.jpg,DJI_20260326174236_0001_T\DJI_20260326174236_0001_T_f000900_t000030.00s.jpg,900,30.00,30.000,1280,1024,855.71
videoTermal\DJI_20260326174236_0001_T.MP4,smoke_dataset\data\frames_thermal_batch_01\DJI_20260326174236_0001_T\DJI_20260326174236_0001_T_f000960_t000032.00s.jpg,DJI_20260326174236_0001_T\DJI_20260326174236_0001_T_f000960_t000032.00s.jpg,960,32.00,30.000,1280,1024,1956.21
videoTermal\DJI_20260326174236_0001_T.MP4,smoke_dataset\data\frames_thermal_batch_01\DJI_20260326174236_0001_T\DJI_20260326174236_0001_T_f001020_t000034.00s.jpg,DJI_20260326174236_0001_T\DJI_20260326174236_0001_T_f001020_t000034.00s.jpg,1020,34.00,30.000,1280,1024,2662.78
videoTermal\DJI_20260326174236_0001_T.MP4,smoke_dataset\data\frames_thermal_batch_01\DJI_20260326174236_0001_T\DJI_20260326174236_0001_T_f001080_t000036.00s.jpg,DJI_20260326174236_0001_T\DJI_20260326174236_0001_T_f001080_t000036.00s.jpg,1080,36.00,30.000,1280,1024,2054.69
videoTermal\DJI_20260326174236_0001_T.MP4,smoke_dataset\data\frames_thermal_batch_01\DJI_20260326174236_0001_T\DJI_20260326174236_0001_T_f001140_t000038.00s.jpg,DJI_20260326174236_0001_T\DJI_20260326174236_0001_T_f001140_t000038.00s.jpg,1140,38.00,30.000,1280,1024,1716.81
videoTermal\DJI_20260326174236_0001_T.MP4,smoke_dataset\data\frames_thermal_batch_01\DJI_20260326174236_0001_T\DJI_20260326174236_0001_T_f001200_t000040.00s.jpg,DJI_20260326174236_0001_T\DJI_20260326174236_0001_T_f001200_t000040.00s.jpg,1200,40.00,30.000,1280,1024,2165.65
videoTermal\DJI_20260326174236_0001_T.MP4,smoke_dataset\data\frames_thermal_batch_01\DJI_20260326174236_0001_T\DJI_20260326174236_0001_T_f001260_t000042.00s.jpg,DJI_20260326174236_0001_T\DJI_20260326174236_0001_T_f001260_t000042.00s.jpg,1260,42.00,30.000,1280,1024,3068.83
videoTermal\DJI_20260326174236_0001_T.MP4,smoke_dataset\data\frames_thermal_batch_01\DJI_20260326174236_0001_T\DJI_20260326174236_0001_T_f001320_t000044.00s.jpg,DJI_20260326174236_0001_T\DJI_20260326174236_0001_T_f001320_t000044.00s.jpg,1320,44.00,30.000,1280,1024,3065.05
videoTermal\DJI_20260326174236_0001_T.MP4,smoke_dataset\data\frames_thermal_batch_01\DJI_20260326174236_0001_T\DJI_20260326174236_0001_T_f001560_t000052.00s.jpg,DJI_20260326174236_0001_T\DJI_20260326174236_0001_T_f001560_t000052.00s.jpg,1560,52.00,30.000,1280,1024,2467.84
videoTermal\DJI_20260326174236_0001_T.MP4,smoke_dataset\data\frames_thermal_batch_01\DJI_20260326174236_0001_T\DJI_20260326174236_0001_T_f001620_t000054.00s.jpg,DJI_20260326174236_0001_T\DJI_20260326174236_0001_T_f001620_t000054.00s.jpg,1620,54.00,30.000,1280,1024,2090.82
videoTermal\DJI_20260326174236_0001_T.MP4,smoke_dataset\data\frames_thermal_batch_01\DJI_20260326174236_0001_T\DJI_20260326174236_0001_T_f001680_t000056.00s.jpg,DJI_20260326174236_0001_T\DJI_20260326174236_0001_T_f001680_t000056.00s.jpg,1680,56.00,30.000,1280,1024,506.67
videoTermal\DJI_20260326174236_0001_T.MP4,smoke_dataset\data\frames_thermal_batch_01\DJI_20260326174236_0001_T\DJI_20260326174236_0001_T_f001740_t000058.00s.jpg,DJI_20260326174236_0001_T\DJI_20260326174236_0001_T_f001740_t000058.00s.jpg,1740,58.00,30.000,1280,1024,1536.94
videoTermal\DJI_20260326174236_0001_T.MP4,smoke_dataset\data\frames_thermal_batch_01\DJI_20260326174236_0001_T\DJI_20260326174236_0001_T_f001800_t000060.00s.jpg,DJI_20260326174236_0001_T\DJI_20260326174236_0001_T_f001800_t000060.00s.jpg,1800,60.00,30.000,1280,1024,764.06
videoTermal\DJI_20260326174236_0001_T.MP4,smoke_dataset\data\frames_thermal_batch_01\DJI_20260326174236_0001_T\DJI_20260326174236_0001_T_f001860_t000062.00s.jpg,DJI_20260326174236_0001_T\DJI_20260326174236_0001_T_f001860_t000062.00s.jpg,1860,62.00,30.000,1280,1024,2597.65
videoTermal\DJI_20260326174236_0001_T.MP4,smoke_dataset\data\frames_thermal_batch_01\DJI_20260326174236_0001_T\DJI_20260326174236_0001_T_f001920_t000064.00s.jpg,DJI_20260326174236_0001_T\DJI_20260326174236_0001_T_f001920_t000064.00s.jpg,1920,64.00,30.000,1280,1024,2946.42
videoTermal\DJI_20260326174236_0001_T.MP4,smoke_dataset\data\frames_thermal_batch_01\DJI_20260326174236_0001_T\DJI_20260326174236_0001_T_f001980_t000066.00s.jpg,DJI_20260326174236_0001_T\DJI_20260326174236_0001_T_f001980_t000066.00s.jpg,1980,66.00,30.000,1280,1024,651.14
videoTermal\DJI_20260326174236_0001_T.MP4,smoke_dataset\data\frames_thermal_batch_01\DJI_20260326174236_0001_T\DJI_20260326174236_0001_T_f002040_t000068.00s.jpg,DJI_20260326174236_0001_T\DJI_20260326174236_0001_T_f002040_t000068.00s.jpg,2040,68.00,30.000,1280,1024,3797.12
videoTermal\DJI_20260326174236_0001_T.MP4,smoke_dataset\data\frames_thermal_batch_01\DJI_20260326174236_0001_T\DJI_20260326174236_0001_T_f002100_t000070.00s.jpg,DJI_20260326174236_0001_T\DJI_20260326174236_0001_T_f002100_t000070.00s.jpg,2100,70.00,30.000,1280,1024,1469.44
videoTermal\DJI_20260326174236_0001_T.MP4,smoke_dataset\data\frames_thermal_batch_01\DJI_20260326174236_0001_T\DJI_20260326174236_0001_T_f002160_t000072.00s.jpg,DJI_20260326174236_0001_T\DJI_20260326174236_0001_T_f002160_t000072.00s.jpg,2160,72.00,30.000,1280,1024,7213.60
videoTermal\DJI_20260326174236_0001_T.MP4,smoke_dataset\data\frames_thermal_batch_01\DJI_20260326174236_0001_T\DJI_20260326174236_0001_T_f002280_t000076.00s.jpg,DJI_20260326174236_0001_T\DJI_20260326174236_0001_T_f002280_t000076.00s.jpg,2280,76.00,30.000,1280,1024,7295.62
videoTermal\DJI_20260326174236_0001_T.MP4,smoke_dataset\data\frames_thermal_batch_01\DJI_20260326174236_0001_T\DJI_20260326174236_0001_T_f002460_t000082.00s.jpg,DJI_20260326174236_0001_T\DJI_20260326174236_0001_T_f002460_t000082.00s.jpg,2460,82.00,30.000,1280,1024,4672.55
videoTermal\DJI_20260326174236_0001_T.MP4,smoke_dataset\data\frames_thermal_batch_01\DJI_20260326174236_0001_T\DJI_20260326174236_0001_T_f002520_t000084.00s.jpg,DJI_20260326174236_0001_T\DJI_20260326174236_0001_T_f002520_t000084.00s.jpg,2520,84.00,30.000,1280,1024,6951.75
videoTermal\DJI_20260326174236_0001_T.MP4,smoke_dataset\data\frames_thermal_batch_01\DJI_20260326174236_0001_T\DJI_20260326174236_0001_T_f002640_t000088.00s.jpg,DJI_20260326174236_0001_T\DJI_20260326174236_0001_T_f002640_t000088.00s.jpg,2640,88.00,30.000,1280,1024,6753.28
videoTermal\DJI_20260326174236_0001_T.MP4,smoke_dataset\data\frames_thermal_batch_01\DJI_20260326174236_0001_T\DJI_20260326174236_0001_T_f002760_t000092.00s.jpg,DJI_20260326174236_0001_T\DJI_20260326174236_0001_T_f002760_t000092.00s.jpg,2760,92.00,30.000,1280,1024,1750.08
videoTermal\DJI_20260326174236_0001_T.MP4,smoke_dataset\data\frames_thermal_batch_01\DJI_20260326174236_0001_T\DJI_20260326174236_0001_T_f002820_t000094.00s.jpg,DJI_20260326174236_0001_T\DJI_20260326174236_0001_T_f002820_t000094.00s.jpg,2820,94.00,30.000,1280,1024,5682.91
videoTermal\DJI_20260326174236_0001_T.MP4,smoke_dataset\data\frames_thermal_batch_01\DJI_20260326174236_0001_T\DJI_20260326174236_0001_T_f002940_t000098.00s.jpg,DJI_20260326174236_0001_T\DJI_20260326174236_0001_T_f002940_t000098.00s.jpg,2940,98.00,30.000,1280,1024,4192.29
videoTermal\DJI_20260326174236_0001_T.MP4,smoke_dataset\data\frames_thermal_batch_01\DJI_20260326174236_0001_T\DJI_20260326174236_0001_T_f003000_t000100.00s.jpg,DJI_20260326174236_0001_T\DJI_20260326174236_0001_T_f003000_t000100.00s.jpg,3000,100.00,30.000,1280,1024,5197.80
videoTermal\DJI_20260326174236_0001_T.MP4,smoke_dataset\data\frames_thermal_batch_01\DJI_20260326174236_0001_T\DJI_20260326174236_0001_T_f003060_t000102.00s.jpg,DJI_20260326174236_0001_T\DJI_20260326174236_0001_T_f003060_t000102.00s.jpg,3060,102.00,30.000,1280,1024,778.25
videoTermal\DJI_20260326174236_0001_T.MP4,smoke_dataset\data\frames_thermal_batch_01\DJI_20260326174236_0001_T\DJI_20260326174236_0001_T_f003120_t000104.00s.jpg,DJI_20260326174236_0001_T\DJI_20260326174236_0001_T_f003120_t000104.00s.jpg,3120,104.00,30.000,1280,1024,699.38
videoTermal\DJI_20260326174236_0001_T.MP4,smoke_dataset\data\frames_thermal_batch_01\DJI_20260326174236_0001_T\DJI_20260326174236_0001_T_f003180_t000106.00s.jpg,DJI_20260326174236_0001_T\DJI_20260326174236_0001_T_f003180_t000106.00s.jpg,3180,106.00,30.000,1280,1024,685.93
videoTermal\DJI_20260326174236_0001_T.MP4,smoke_dataset\data\frames_thermal_batch_01\DJI_20260326174236_0001_T\DJI_20260326174236_0001_T_f003240_t000108.00s.jpg,DJI_20260326174236_0001_T\DJI_20260326174236_0001_T_f003240_t000108.00s.jpg,3240,108.00,30.000,1280,1024,744.87
videoTermal\DJI_20260326174236_0001_T.MP4,smoke_dataset\data\frames_thermal_batch_01\DJI_20260326174236_0001_T\DJI_20260326174236_0001_T_f003300_t000110.00s.jpg,DJI_20260326174236_0001_T\DJI_20260326174236_0001_T_f003300_t000110.00s.jpg,3300,110.00,30.000,1280,1024,766.48
videoTermal\DJI_20260326174236_0001_T.MP4,smoke_dataset\data\frames_thermal_batch_01\DJI_20260326174236_0001_T\DJI_20260326174236_0001_T_f003480_t000116.00s.jpg,DJI_20260326174236_0001_T\DJI_20260326174236_0001_T_f003480_t000116.00s.jpg,3480,116.00,30.000,1280,1024,947.85
videoTermal\DJI_20260326174236_0001_T.MP4,smoke_dataset\data\frames_thermal_batch_01\DJI_20260326174236_0001_T\DJI_20260326174236_0001_T_f003540_t000118.00s.jpg,DJI_20260326174236_0001_T\DJI_20260326174236_0001_T_f003540_t000118.00s.jpg,3540,118.00,30.000,1280,1024,888.06
videoTermal\DJI_20260326174236_0001_T.MP4,smoke_dataset\data\frames_thermal_batch_01\DJI_20260326174236_0001_T\DJI_20260326174236_0001_T_f003600_t000120.00s.jpg,DJI_20260326174236_0001_T\DJI_20260326174236_0001_T_f003600_t000120.00s.jpg,3600,120.00,30.000,1280,1024,1053.99
videoTermal\DJI_20260326174236_0001_T.MP4,smoke_dataset\data\frames_thermal_batch_01\DJI_20260326174236_0001_T\DJI_20260326174236_0001_T_f003720_t000124.00s.jpg,DJI_20260326174236_0001_T\DJI_20260326174236_0001_T_f003720_t000124.00s.jpg,3720,124.00,30.000,1280,1024,1043.72
videoTermal\DJI_20260326174236_0001_T.MP4,smoke_dataset\data\frames_thermal_batch_01\DJI_20260326174236_0001_T\DJI_20260326174236_0001_T_f003780_t000126.00s.jpg,DJI_20260326174236_0001_T\DJI_20260326174236_0001_T_f003780_t000126.00s.jpg,3780,126.00,30.000,1280,1024,1053.09
videoTermal\DJI_20260326174236_0001_T.MP4,smoke_dataset\data\frames_thermal_batch_01\DJI_20260326174236_0001_T\DJI_20260326174236_0001_T_f003840_t000128.00s.jpg,DJI_20260326174236_0001_T\DJI_20260326174236_0001_T_f003840_t000128.00s.jpg,3840,128.00,30.000,1280,1024,1741.47
videoTermal\DJI_20260326174236_0001_T.MP4,smoke_dataset\data\frames_thermal_batch_01\DJI_20260326174236_0001_T\DJI_20260326174236_0001_T_f003900_t000130.00s.jpg,DJI_20260326174236_0001_T\DJI_20260326174236_0001_T_f003900_t000130.00s.jpg,3900,130.00,30.000,1280,1024,865.18
videoTermal\DJI_20260326174236_0001_T.MP4,smoke_dataset\data\frames_thermal_batch_01\DJI_20260326174236_0001_T\DJI_20260326174236_0001_T_f003960_t000132.00s.jpg,DJI_20260326174236_0001_T\DJI_20260326174236_0001_T_f003960_t000132.00s.jpg,3960,132.00,30.000,1280,1024,1481.43
videoTermal\DJI_20260326174236_0001_T.MP4,smoke_dataset\data\frames_thermal_batch_01\DJI_20260326174236_0001_T\DJI_20260326174236_0001_T_f004020_t000134.00s.jpg,DJI_20260326174236_0001_T\DJI_20260326174236_0001_T_f004020_t000134.00s.jpg,4020,134.00,30.000,1280,1024,749.62
videoTermal\DJI_20260326174236_0001_T.MP4,smoke_dataset\data\frames_thermal_batch_01\DJI_20260326174236_0001_T\DJI_20260326174236_0001_T_f004080_t000136.00s.jpg,DJI_20260326174236_0001_T\DJI_20260326174236_0001_T_f004080_t000136.00s.jpg,4080,136.00,30.000,1280,1024,749.89
videoTermal\DJI_20260326174236_0001_T.MP4,smoke_dataset\data\frames_thermal_batch_01\DJI_20260326174236_0001_T\DJI_20260326174236_0001_T_f004140_t000138.00s.jpg,DJI_20260326174236_0001_T\DJI_20260326174236_0001_T_f004140_t000138.00s.jpg,4140,138.00,30.000,1280,1024,761.21
videoTermal\DJI_20260326174236_0001_T.MP4,smoke_dataset\data\frames_thermal_batch_01\DJI_20260326174236_0001_T\DJI_20260326174236_0001_T_f004200_t000140.00s.jpg,DJI_20260326174236_0001_T\DJI_20260326174236_0001_T_f004200_t000140.00s.jpg,4200,140.00,30.000,1280,1024,1034.49
videoTermal\DJI_20260326174236_0001_T.MP4,smoke_dataset\data\frames_thermal_batch_01\DJI_20260326174236_0001_T\DJI_20260326174236_0001_T_f004260_t000142.00s.jpg,DJI_20260326174236_0001_T\DJI_20260326174236_0001_T_f004260_t000142.00s.jpg,4260,142.00,30.000,1280,1024,835.38
videoTermal\DJI_20260326174236_0001_T.MP4,smoke_dataset\data\frames_thermal_batch_01\DJI_20260326174236_0001_T\DJI_20260326174236_0001_T_f004320_t000144.00s.jpg,DJI_20260326174236_0001_T\DJI_20260326174236_0001_T_f004320_t000144.00s.jpg,4320,144.00,30.000,1280,1024,918.43
videoTermal\DJI_20260326174236_0001_T.MP4,smoke_dataset\data\frames_thermal_batch_01\DJI_20260326174236_0001_T\DJI_20260326174236_0001_T_f004380_t000146.00s.jpg,DJI_20260326174236_0001_T\DJI_20260326174236_0001_T_f004380_t000146.00s.jpg,4380,146.00,30.000,1280,1024,1182.04
videoTermal\DJI_20260326174236_0001_T.MP4,smoke_dataset\data\frames_thermal_batch_01\DJI_20260326174236_0001_T\DJI_20260326174236_0001_T_f004440_t000148.00s.jpg,DJI_20260326174236_0001_T\DJI_20260326174236_0001_T_f004440_t000148.00s.jpg,4440,148.00,30.000,1280,1024,738.73
videoTermal\DJI_20260326174236_0001_T.MP4,smoke_dataset\data\frames_thermal_batch_01\DJI_20260326174236_0001_T\DJI_20260326174236_0001_T_f004500_t000150.00s.jpg,DJI_20260326174236_0001_T\DJI_20260326174236_0001_T_f004500_t000150.00s.jpg,4500,150.00,30.000,1280,1024,753.52
videoTermal\DJI_20260326174236_0001_T.MP4,smoke_dataset\data\frames_thermal_batch_01\DJI_20260326174236_0001_T\DJI_20260326174236_0001_T_f004560_t000152.00s.jpg,DJI_20260326174236_0001_T\DJI_20260326174236_0001_T_f004560_t000152.00s.jpg,4560,152.00,30.000,1280,1024,1007.13
videoTermal\DJI_20260326174236_0001_T.MP4,smoke_dataset\data\frames_thermal_batch_01\DJI_20260326174236_0001_T\DJI_20260326174236_0001_T_f004620_t000154.00s.jpg,DJI_20260326174236_0001_T\DJI_20260326174236_0001_T_f004620_t000154.00s.jpg,4620,154.00,30.000,1280,1024,1014.27
videoTermal\DJI_20260326174236_0001_T.MP4,smoke_dataset\data\frames_thermal_batch_01\DJI_20260326174236_0001_T\DJI_20260326174236_0001_T_f004680_t000156.00s.jpg,DJI_20260326174236_0001_T\DJI_20260326174236_0001_T_f004680_t000156.00s.jpg,4680,156.00,30.000,1280,1024,767.71
videoTermal\DJI_20260326174236_0001_T.MP4,smoke_dataset\data\frames_thermal_batch_01\DJI_20260326174236_0001_T\DJI_20260326174236_0001_T_f004740_t000158.00s.jpg,DJI_20260326174236_0001_T\DJI_20260326174236_0001_T_f004740_t000158.00s.jpg,4740,158.00,30.000,1280,1024,793.86
videoTermal\DJI_20260326174236_0001_T.MP4,smoke_dataset\data\frames_thermal_batch_01\DJI_20260326174236_0001_T\DJI_20260326174236_0001_T_f004800_t000160.00s.jpg,DJI_20260326174236_0001_T\DJI_20260326174236_0001_T_f004800_t000160.00s.jpg,4800,160.00,30.000,1280,1024,742.64
videoTermal\DJI_20260326174236_0001_T.MP4,smoke_dataset\data\frames_thermal_batch_01\DJI_20260326174236_0001_T\DJI_20260326174236_0001_T_f004860_t000162.00s.jpg,DJI_20260326174236_0001_T\DJI_20260326174236_0001_T_f004860_t000162.00s.jpg,4860,162.00,30.000,1280,1024,823.42
videoTermal\DJI_20260326174236_0001_T.MP4,smoke_dataset\data\frames_thermal_batch_01\DJI_20260326174236_0001_T\DJI_20260326174236_0001_T_f004920_t000164.00s.jpg,DJI_20260326174236_0001_T\DJI_20260326174236_0001_T_f004920_t000164.00s.jpg,4920,164.00,30.000,1280,1024,822.55
videoTermal\DJI_20260326174236_0001_T.MP4,smoke_dataset\data\frames_thermal_batch_01\DJI_20260326174236_0001_T\DJI_20260326174236_0001_T_f004980_t000166.00s.jpg,DJI_20260326174236_0001_T\DJI_20260326174236_0001_T_f004980_t000166.00s.jpg,4980,166.00,30.000,1280,1024,771.79
videoTermal\DJI_20260326174236_0001_T.MP4,smoke_dataset\data\frames_thermal_batch_01\DJI_20260326174236_0001_T\DJI_20260326174236_0001_T_f005040_t000168.00s.jpg,DJI_20260326174236_0001_T\DJI_20260326174236_0001_T_f005040_t000168.00s.jpg,5040,168.00,30.000,1280,1024,838.17
videoTermal\DJI_20260326174236_0001_T.MP4,smoke_dataset\data\frames_thermal_batch_01\DJI_20260326174236_0001_T\DJI_20260326174236_0001_T_f005100_t000170.00s.jpg,DJI_20260326174236_0001_T\DJI_20260326174236_0001_T_f005100_t000170.00s.jpg,5100,170.00,30.000,1280,1024,983.04
videoTermal\DJI_20260326174236_0001_T.MP4,smoke_dataset\data\frames_thermal_batch_01\DJI_20260326174236_0001_T\DJI_20260326174236_0001_T_f005160_t000172.00s.jpg,DJI_20260326174236_0001_T\DJI_20260326174236_0001_T_f005160_t000172.00s.jpg,5160,172.00,30.000,1280,1024,2147.82
videoTermal\DJI_20260326174236_0001_T.MP4,smoke_dataset\data\frames_thermal_batch_01\DJI_20260326174236_0001_T\DJI_20260326174236_0001_T_f005220_t000174.00s.jpg,DJI_20260326174236_0001_T\DJI_20260326174236_0001_T_f005220_t000174.00s.jpg,5220,174.00,30.000,1280,1024,1336.82
videoTermal\DJI_20260326174236_0001_T.MP4,smoke_dataset\data\frames_thermal_batch_01\DJI_20260326174236_0001_T\DJI_20260326174236_0001_T_f005340_t000178.00s.jpg,DJI_20260326174236_0001_T\DJI_20260326174236_0001_T_f005340_t000178.00s.jpg,5340,178.00,30.000,1280,1024,733.39
videoTermal\DJI_20260326174236_0001_T.MP4,smoke_dataset\data\frames_thermal_batch_01\DJI_20260326174236_0001_T\DJI_20260326174236_0001_T_f005400_t000180.00s.jpg,DJI_20260326174236_0001_T\DJI_20260326174236_0001_T_f005400_t000180.00s.jpg,5400,180.00,30.000,1280,1024,708.08
videoTermal\DJI_20260326174236_0001_T.MP4,smoke_dataset\data\frames_thermal_batch_01\DJI_20260326174236_0001_T\DJI_20260326174236_0001_T_f005460_t000182.00s.jpg,DJI_20260326174236_0001_T\DJI_20260326174236_0001_T_f005460_t000182.00s.jpg,5460,182.00,30.000,1280,1024,847.76
videoTermal\DJI_20260326174236_0001_T.MP4,smoke_dataset\data\frames_thermal_batch_01\DJI_20260326174236_0001_T\DJI_20260326174236_0001_T_f005520_t000184.00s.jpg,DJI_20260326174236_0001_T\DJI_20260326174236_0001_T_f005520_t000184.00s.jpg,5520,184.00,30.000,1280,1024,721.83
videoTermal\DJI_20260326174236_0001_T.MP4,smoke_dataset\data\frames_thermal_batch_01\DJI_20260326174236_0001_T\DJI_20260326174236_0001_T_f005580_t000186.00s.jpg,DJI_20260326174236_0001_T\DJI_20260326174236_0001_T_f005580_t000186.00s.jpg,5580,186.00,30.000,1280,1024,948.06
videoTermal\DJI_20260326174236_0001_T.MP4,smoke_dataset\data\frames_thermal_batch_01\DJI_20260326174236_0001_T\DJI_20260326174236_0001_T_f005640_t000188.00s.jpg,DJI_20260326174236_0001_T\DJI_20260326174236_0001_T_f005640_t000188.00s.jpg,5640,188.00,30.000,1280,1024,1466.40
videoTermal\DJI_20260326174236_0001_T.MP4,smoke_dataset\data\frames_thermal_batch_01\DJI_20260326174236_0001_T\DJI_20260326174236_0001_T_f005700_t000190.00s.jpg,DJI_20260326174236_0001_T\DJI_20260326174236_0001_T_f005700_t000190.00s.jpg,5700,190.00,30.000,1280,1024,1593.85
videoTermal\DJI_20260326174236_0001_T.MP4,smoke_dataset\data\frames_thermal_batch_01\DJI_20260326174236_0001_T\DJI_20260326174236_0001_T_f005760_t000192.00s.jpg,DJI_20260326174236_0001_T\DJI_20260326174236_0001_T_f005760_t000192.00s.jpg,5760,192.00,30.000,1280,1024,5264.60
videoTermal\DJI_20260326174236_0001_T.MP4,smoke_dataset\data\frames_thermal_batch_01\DJI_20260326174236_0001_T\DJI_20260326174236_0001_T_f005820_t000194.00s.jpg,DJI_20260326174236_0001_T\DJI_20260326174236_0001_T_f005820_t000194.00s.jpg,5820,194.00,30.000,1280,1024,4506.34
videoTermal\DJI_20260326174236_0001_T.MP4,smoke_dataset\data\frames_thermal_batch_01\DJI_20260326174236_0001_T\DJI_20260326174236_0001_T_f005880_t000196.00s.jpg,DJI_20260326174236_0001_T\DJI_20260326174236_0001_T_f005880_t000196.00s.jpg,5880,196.00,30.000,1280,1024,6489.11
videoTermal\DJI_20260326174236_0001_T.MP4,smoke_dataset\data\frames_thermal_batch_01\DJI_20260326174236_0001_T\DJI_20260326174236_0001_T_f005940_t000198.00s.jpg,DJI_20260326174236_0001_T\DJI_20260326174236_0001_T_f005940_t000198.00s.jpg,5940,198.00,30.000,1280,1024,4260.32
videoTermal\DJI_20260326174236_0001_T.MP4,smoke_dataset\data\frames_thermal_batch_01\DJI_20260326174236_0001_T\DJI_20260326174236_0001_T_f006000_t000200.00s.jpg,DJI_20260326174236_0001_T\DJI_20260326174236_0001_T_f006000_t000200.00s.jpg,6000,200.00,30.000,1280,1024,1077.09
videoTermal\DJI_20260326174236_0001_T.MP4,smoke_dataset\data\frames_thermal_batch_01\DJI_20260326174236_0001_T\DJI_20260326174236_0001_T_f006060_t000202.00s.jpg,DJI_20260326174236_0001_T\DJI_20260326174236_0001_T_f006060_t000202.00s.jpg,6060,202.00,30.000,1280,1024,772.51
videoTermal\DJI_20260326174236_0001_T.MP4,smoke_dataset\data\frames_thermal_batch_01\DJI_20260326174236_0001_T\DJI_20260326174236_0001_T_f006120_t000204.00s.jpg,DJI_20260326174236_0001_T\DJI_20260326174236_0001_T_f006120_t000204.00s.jpg,6120,204.00,30.000,1280,1024,677.89
videoTermal\DJI_20260326174236_0001_T.MP4,smoke_dataset\data\frames_thermal_batch_01\DJI_20260326174236_0001_T\DJI_20260326174236_0001_T_f006180_t000206.00s.jpg,DJI_20260326174236_0001_T\DJI_20260326174236_0001_T_f006180_t000206.00s.jpg,6180,206.00,30.000,1280,1024,676.60
videoTermal\DJI_20260326174236_0001_T.MP4,smoke_dataset\data\frames_thermal_batch_01\DJI_20260326174236_0001_T\DJI_20260326174236_0001_T_f006480_t000216.00s.jpg,DJI_20260326174236_0001_T\DJI_20260326174236_0001_T_f006480_t000216.00s.jpg,6480,216.00,30.000,1280,1024,521.28
videoTermal\DJI_20260326174236_0001_T.MP4,smoke_dataset\data\frames_thermal_batch_01\DJI_20260326174236_0001_T\DJI_20260326174236_0001_T_f006600_t000220.00s.jpg,DJI_20260326174236_0001_T\DJI_20260326174236_0001_T_f006600_t000220.00s.jpg,6600,220.00,30.000,1280,1024,688.01
videoTermal\DJI_20260326174236_0001_T.MP4,smoke_dataset\data\frames_thermal_batch_01\DJI_20260326174236_0001_T\DJI_20260326174236_0001_T_f006900_t000230.00s.jpg,DJI_20260326174236_0001_T\DJI_20260326174236_0001_T_f006900_t000230.00s.jpg,6900,230.00,30.000,1280,1024,689.81
videoTermal\DJI_20260326174236_0001_T.MP4,smoke_dataset\data\frames_thermal_batch_01\DJI_20260326174236_0001_T\DJI_20260326174236_0001_T_f007200_t000240.00s.jpg,DJI_20260326174236_0001_T\DJI_20260326174236_0001_T_f007200_t000240.00s.jpg,7200,240.00,30.000,1280,1024,764.41
videoTermal\DJI_20260326174236_0001_T.MP4,smoke_dataset\data\frames_thermal_batch_01\DJI_20260326174236_0001_T\DJI_20260326174236_0001_T_f007260_t000242.00s.jpg,DJI_20260326174236_0001_T\DJI_20260326174236_0001_T_f007260_t000242.00s.jpg,7260,242.00,30.000,1280,1024,695.48
videoTermal\DJI_20260326174236_0001_T.MP4,smoke_dataset\data\frames_thermal_batch_01\DJI_20260326174236_0001_T\DJI_20260326174236_0001_T_f007320_t000244.00s.jpg,DJI_20260326174236_0001_T\DJI_20260326174236_0001_T_f007320_t000244.00s.jpg,7320,244.00,30.000,1280,1024,662.32
videoTermal\DJI_20260326174236_0001_T.MP4,smoke_dataset\data\frames_thermal_batch_01\DJI_20260326174236_0001_T\DJI_20260326174236_0001_T_f007380_t000246.00s.jpg,DJI_20260326174236_0001_T\DJI_20260326174236_0001_T_f007380_t000246.00s.jpg,7380,246.00,30.000,1280,1024,657.57
videoTermal\DJI_20260326174236_0001_T.MP4,smoke_dataset\data\frames_thermal_batch_01\DJI_20260326174236_0001_T\DJI_20260326174236_0001_T_f007440_t000248.00s.jpg,DJI_20260326174236_0001_T\DJI_20260326174236_0001_T_f007440_t000248.00s.jpg,7440,248.00,30.000,1280,1024,661.55
videoTermal\DJI_20260326174236_0001_T.MP4,smoke_dataset\data\frames_thermal_batch_01\DJI_20260326174236_0001_T\DJI_20260326174236_0001_T_f007500_t000250.00s.jpg,DJI_20260326174236_0001_T\DJI_20260326174236_0001_T_f007500_t000250.00s.jpg,7500,250.00,30.000,1280,1024,676.46
videoTermal\DJI_20260326174236_0001_T.MP4,smoke_dataset\data\frames_thermal_batch_01\DJI_20260326174236_0001_T\DJI_20260326174236_0001_T_f007560_t000252.00s.jpg,DJI_20260326174236_0001_T\DJI_20260326174236_0001_T_f007560_t000252.00s.jpg,7560,252.00,30.000,1280,1024,750.53
videoTermal\DJI_20260326174236_0001_T.MP4,smoke_dataset\data\frames_thermal_batch_01\DJI_20260326174236_0001_T\DJI_20260326174236_0001_T_f007620_t000254.00s.jpg,DJI_20260326174236_0001_T\DJI_20260326174236_0001_T_f007620_t000254.00s.jpg,7620,254.00,30.000,1280,1024,744.41
videoTermal\DJI_20260326174236_0001_T.MP4,smoke_dataset\data\frames_thermal_batch_01\DJI_20260326174236_0001_T\DJI_20260326174236_0001_T_f007680_t000256.00s.jpg,DJI_20260326174236_0001_T\DJI_20260326174236_0001_T_f007680_t000256.00s.jpg,7680,256.00,30.000,1280,1024,772.60
videoTermal\DJI_20260326174236_0001_T.MP4,smoke_dataset\data\frames_thermal_batch_01\DJI_20260326174236_0001_T\DJI_20260326174236_0001_T_f007740_t000258.00s.jpg,DJI_20260326174236_0001_T\DJI_20260326174236_0001_T_f007740_t000258.00s.jpg,7740,258.00,30.000,1280,1024,783.91
videoTermal\DJI_20260326174236_0001_T.MP4,smoke_dataset\data\frames_thermal_batch_01\DJI_20260326174236_0001_T\DJI_20260326174236_0001_T_f007800_t000260.00s.jpg,DJI_20260326174236_0001_T\DJI_20260326174236_0001_T_f007800_t000260.00s.jpg,7800,260.00,30.000,1280,1024,703.08
videoTermal\DJI_20260326174236_0001_T.MP4,smoke_dataset\data\frames_thermal_batch_01\DJI_20260326174236_0001_T\DJI_20260326174236_0001_T_f007860_t000262.00s.jpg,DJI_20260326174236_0001_T\DJI_20260326174236_0001_T_f007860_t000262.00s.jpg,7860,262.00,30.000,1280,1024,709.95
videoTermal\DJI_20260326174236_0001_T.MP4,smoke_dataset\data\frames_thermal_batch_01\DJI_20260326174236_0001_T\DJI_20260326174236_0001_T_f007920_t000264.00s.jpg,DJI_20260326174236_0001_T\DJI_20260326174236_0001_T_f007920_t000264.00s.jpg,7920,264.00,30.000,1280,1024,680.33
videoTermal\DJI_20260326174236_0001_T.MP4,smoke_dataset\data\frames_thermal_batch_01\DJI_20260326174236_0001_T\DJI_20260326174236_0001_T_f007980_t000266.00s.jpg,DJI_20260326174236_0001_T\DJI_20260326174236_0001_T_f007980_t000266.00s.jpg,7980,266.00,30.000,1280,1024,668.57
videoTermal\DJI_20260326174236_0001_T.MP4,smoke_dataset\data\frames_thermal_batch_01\DJI_20260326174236_0001_T\DJI_20260326174236_0001_T_f008040_t000268.00s.jpg,DJI_20260326174236_0001_T\DJI_20260326174236_0001_T_f008040_t000268.00s.jpg,8040,268.00,30.000,1280,1024,688.80
videoTermal\DJI_20260326174236_0001_T.MP4,smoke_dataset\data\frames_thermal_batch_01\DJI_20260326174236_0001_T\DJI_20260326174236_0001_T_f008100_t000270.00s.jpg,DJI_20260326174236_0001_T\DJI_20260326174236_0001_T_f008100_t000270.00s.jpg,8100,270.00,30.000,1280,1024,728.69
videoTermal\DJI_20260326174236_0001_T.MP4,smoke_dataset\data\frames_thermal_batch_01\DJI_20260326174236_0001_T\DJI_20260326174236_0001_T_f008160_t000272.00s.jpg,DJI_20260326174236_0001_T\DJI_20260326174236_0001_T_f008160_t000272.00s.jpg,8160,272.00,30.000,1280,1024,726.80
videoTermal\DJI_20260326174236_0001_T.MP4,smoke_dataset\data\frames_thermal_batch_01\DJI_20260326174236_0001_T\DJI_20260326174236_0001_T_f008220_t000274.00s.jpg,DJI_20260326174236_0001_T\DJI_20260326174236_0001_T_f008220_t000274.00s.jpg,8220,274.00,30.000,1280,1024,738.48
videoTermal\DJI_20260326174236_0001_T.MP4,smoke_dataset\data\frames_thermal_batch_01\DJI_20260326174236_0001_T\DJI_20260326174236_0001_T_f008580_t000286.00s.jpg,DJI_20260326174236_0001_T\DJI_20260326174236_0001_T_f008580_t000286.00s.jpg,8580,286.00,30.000,1280,1024,678.91
videoTermal\DJI_20260326174236_0001_T.MP4,smoke_dataset\data\frames_thermal_batch_01\DJI_20260326174236_0001_T\DJI_20260326174236_0001_T_f008640_t000288.00s.jpg,DJI_20260326174236_0001_T\DJI_20260326174236_0001_T_f008640_t000288.00s.jpg,8640,288.00,30.000,1280,1024,995.93
videoTermal\DJI_20260326174236_0001_T.MP4,smoke_dataset\data\frames_thermal_batch_01\DJI_20260326174236_0001_T\DJI_20260326174236_0001_T_f008700_t000290.00s.jpg,DJI_20260326174236_0001_T\DJI_20260326174236_0001_T_f008700_t000290.00s.jpg,8700,290.00,30.000,1280,1024,1032.65
videoTermal\DJI_20260326174236_0001_T.MP4,smoke_dataset\data\frames_thermal_batch_01\DJI_20260326174236_0001_T\DJI_20260326174236_0001_T_f008760_t000292.00s.jpg,DJI_20260326174236_0001_T\DJI_20260326174236_0001_T_f008760_t000292.00s.jpg,8760,292.00,30.000,1280,1024,2418.68
videoTermal\DJI_20260326174236_0001_T.MP4,smoke_dataset\data\frames_thermal_batch_01\DJI_20260326174236_0001_T\DJI_20260326174236_0001_T_f008820_t000294.00s.jpg,DJI_20260326174236_0001_T\DJI_20260326174236_0001_T_f008820_t000294.00s.jpg,8820,294.00,30.000,1280,1024,2407.59
videoTermal\DJI_20260326174236_0001_T.MP4,smoke_dataset\data\frames_thermal_batch_01\DJI_20260326174236_0001_T\DJI_20260326174236_0001_T_f008940_t000298.00s.jpg,DJI_20260326174236_0001_T\DJI_20260326174236_0001_T_f008940_t000298.00s.jpg,8940,298.00,30.000,1280,1024,668.76
videoTermal\DJI_20260326174236_0001_T.MP4,smoke_dataset\data\frames_thermal_batch_01\DJI_20260326174236_0001_T\DJI_20260326174236_0001_T_f009000_t000300.00s.jpg,DJI_20260326174236_0001_T\DJI_20260326174236_0001_T_f009000_t000300.00s.jpg,9000,300.00,30.000,1280,1024,1051.56
videoTermal\DJI_20260326174236_0001_T.MP4,smoke_dataset\data\frames_thermal_batch_01\DJI_20260326174236_0001_T\DJI_20260326174236_0001_T_f009060_t000302.00s.jpg,DJI_20260326174236_0001_T\DJI_20260326174236_0001_T_f009060_t000302.00s.jpg,9060,302.00,30.000,1280,1024,932.29
videoTermal\DJI_20260326174236_0001_T.MP4,smoke_dataset\data\frames_thermal_batch_01\DJI_20260326174236_0001_T\DJI_20260326174236_0001_T_f009120_t000304.00s.jpg,DJI_20260326174236_0001_T\DJI_20260326174236_0001_T_f009120_t000304.00s.jpg,9120,304.00,30.000,1280,1024,690.00
videoTermal\DJI_20260326174236_0001_T.MP4,smoke_dataset\data\frames_thermal_batch_01\DJI_20260326174236_0001_T\DJI_20260326174236_0001_T_f009180_t000306.00s.jpg,DJI_20260326174236_0001_T\DJI_20260326174236_0001_T_f009180_t000306.00s.jpg,9180,306.00,30.000,1280,1024,720.72
videoTermal\DJI_20260326174236_0001_T.MP4,smoke_dataset\data\frames_thermal_batch_01\DJI_20260326174236_0001_T\DJI_20260326174236_0001_T_f009240_t000308.00s.jpg,DJI_20260326174236_0001_T\DJI_20260326174236_0001_T_f009240_t000308.00s.jpg,9240,308.00,30.000,1280,1024,783.40
videoTermal\DJI_20260326174236_0001_T.MP4,smoke_dataset\data\frames_thermal_batch_01\DJI_20260326174236_0001_T\DJI_20260326174236_0001_T_f009300_t000310.00s.jpg,DJI_20260326174236_0001_T\DJI_20260326174236_0001_T_f009300_t000310.00s.jpg,9300,310.00,30.000,1280,1024,3730.94
videoTermal\DJI_20260326174236_0001_T.MP4,smoke_dataset\data\frames_thermal_batch_01\DJI_20260326174236_0001_T\DJI_20260326174236_0001_T_f009360_t000312.00s.jpg,DJI_20260326174236_0001_T\DJI_20260326174236_0001_T_f009360_t000312.00s.jpg,9360,312.00,30.000,1280,1024,3842.57
videoTermal\DJI_20260326174236_0001_T.MP4,smoke_dataset\data\frames_thermal_batch_01\DJI_20260326174236_0001_T\DJI_20260326174236_0001_T_f009420_t000314.00s.jpg,DJI_20260326174236_0001_T\DJI_20260326174236_0001_T_f009420_t000314.00s.jpg,9420,314.00,30.000,1280,1024,4275.67
videoTermal\DJI_20260326174236_0001_T.MP4,smoke_dataset\data\frames_thermal_batch_01\DJI_20260326174236_0001_T\DJI_20260326174236_0001_T_f009480_t000316.00s.jpg,DJI_20260326174236_0001_T\DJI_20260326174236_0001_T_f009480_t000316.00s.jpg,9480,316.00,30.000,1280,1024,681.16
videoTermal\DJI_20260326174236_0001_T.MP4,smoke_dataset\data\frames_thermal_batch_01\DJI_20260326174236_0001_T\DJI_20260326174236_0001_T_f009540_t000318.00s.jpg,DJI_20260326174236_0001_T\DJI_20260326174236_0001_T_f009540_t000318.00s.jpg,9540,318.00,30.000,1280,1024,671.53
videoTermal\DJI_20260326174236_0001_T.MP4,smoke_dataset\data\frames_thermal_batch_01\DJI_20260326174236_0001_T\DJI_20260326174236_0001_T_f009600_t000320.00s.jpg,DJI_20260326174236_0001_T\DJI_20260326174236_0001_T_f009600_t000320.00s.jpg,9600,320.00,30.000,1280,1024,679.35
videoTermal\DJI_20260326174236_0001_T.MP4,smoke_dataset\data\frames_thermal_batch_01\DJI_20260326174236_0001_T\DJI_20260326174236_0001_T_f009720_t000324.00s.jpg,DJI_20260326174236_0001_T\DJI_20260326174236_0001_T_f009720_t000324.00s.jpg,9720,324.00,30.000,1280,1024,679.25
videoTermal\DJI_20260326174236_0001_T.MP4,smoke_dataset\data\frames_thermal_batch_01\DJI_20260326174236_0001_T\DJI_20260326174236_0001_T_f009960_t000332.00s.jpg,DJI_20260326174236_0001_T\DJI_20260326174236_0001_T_f009960_t000332.00s.jpg,9960,332.00,30.000,1280,1024,685.62
videoTermal\DJI_20260326174236_0001_T.MP4,smoke_dataset\data\frames_thermal_batch_01\DJI_20260326174236_0001_T\DJI_20260326174236_0001_T_f010140_t000338.00s.jpg,DJI_20260326174236_0001_T\DJI_20260326174236_0001_T_f010140_t000338.00s.jpg,10140,338.00,30.000,1280,1024,681.20
videoTermal\DJI_20260326174236_0001_T.MP4,smoke_dataset\data\frames_thermal_batch_01\DJI_20260326174236_0001_T\DJI_20260326174236_0001_T_f010200_t000340.00s.jpg,DJI_20260326174236_0001_T\DJI_20260326174236_0001_T_f010200_t000340.00s.jpg,10200,340.00,30.000,1280,1024,681.65
videoTermal\DJI_20260326174236_0001_T.MP4,smoke_dataset\data\frames_thermal_batch_01\DJI_20260326174236_0001_T\DJI_20260326174236_0001_T_f010440_t000348.00s.jpg,DJI_20260326174236_0001_T\DJI_20260326174236_0001_T_f010440_t000348.00s.jpg,10440,348.00,30.000,1280,1024,688.78
videoTermal\DJI_20260326174236_0001_T.MP4,smoke_dataset\data\frames_thermal_batch_01\DJI_20260326174236_0001_T\DJI_20260326174236_0001_T_f010500_t000350.00s.jpg,DJI_20260326174236_0001_T\DJI_20260326174236_0001_T_f010500_t000350.00s.jpg,10500,350.00,30.000,1280,1024,697.80
videoTermal\DJI_20260326174236_0001_T.MP4,smoke_dataset\data\frames_thermal_batch_01\DJI_20260326174236_0001_T\DJI_20260326174236_0001_T_f010560_t000352.00s.jpg,DJI_20260326174236_0001_T\DJI_20260326174236_0001_T_f010560_t000352.00s.jpg,10560,352.00,30.000,1280,1024,739.09
videoTermal\DJI_20260326174236_0001_T.MP4,smoke_dataset\data\frames_thermal_batch_01\DJI_20260326174236_0001_T\DJI_20260326174236_0001_T_f010620_t000354.00s.jpg,DJI_20260326174236_0001_T\DJI_20260326174236_0001_T_f010620_t000354.00s.jpg,10620,354.00,30.000,1280,1024,760.24
videoTermal\DJI_20260326174236_0001_T.MP4,smoke_dataset\data\frames_thermal_batch_01\DJI_20260326174236_0001_T\DJI_20260326174236_0001_T_f010680_t000356.00s.jpg,DJI_20260326174236_0001_T\DJI_20260326174236_0001_T_f010680_t000356.00s.jpg,10680,356.00,30.000,1280,1024,742.82
videoTermal\DJI_20260326174236_0001_T.MP4,smoke_dataset\data\frames_thermal_batch_01\DJI_20260326174236_0001_T\DJI_20260326174236_0001_T_f010740_t000358.00s.jpg,DJI_20260326174236_0001_T\DJI_20260326174236_0001_T_f010740_t000358.00s.jpg,10740,358.00,30.000,1280,1024,801.05
videoTermal\DJI_20260326174236_0001_T.MP4,smoke_dataset\data\frames_thermal_batch_01\DJI_20260326174236_0001_T\DJI_20260326174236_0001_T_f010800_t000360.00s.jpg,DJI_20260326174236_0001_T\DJI_20260326174236_0001_T_f010800_t000360.00s.jpg,10800,360.00,30.000,1280,1024,721.13
videoTermal\DJI_20260326174236_0001_T.MP4,smoke_dataset\data\frames_thermal_batch_01\DJI_20260326174236_0001_T\DJI_20260326174236_0001_T_f010860_t000362.00s.jpg,DJI_20260326174236_0001_T\DJI_20260326174236_0001_T_f010860_t000362.00s.jpg,10860,362.00,30.000,1280,1024,724.95
videoTermal\DJI_20260326174236_0001_T.MP4,smoke_dataset\data\frames_thermal_batch_01\DJI_20260326174236_0001_T\DJI_20260326174236_0001_T_f010920_t000364.00s.jpg,DJI_20260326174236_0001_T\DJI_20260326174236_0001_T_f010920_t000364.00s.jpg,10920,364.00,30.000,1280,1024,804.61
videoTermal\DJI_20260326174236_0001_T.MP4,smoke_dataset\data\frames_thermal_batch_01\DJI_20260326174236_0001_T\DJI_20260326174236_0001_T_f011040_t000368.00s.jpg,DJI_20260326174236_0001_T\DJI_20260326174236_0001_T_f011040_t000368.00s.jpg,11040,368.00,30.000,1280,1024,731.56
videoTermal\DJI_20260326174236_0001_T.MP4,smoke_dataset\data\frames_thermal_batch_01\DJI_20260326174236_0001_T\DJI_20260326174236_0001_T_f011100_t000370.00s.jpg,DJI_20260326174236_0001_T\DJI_20260326174236_0001_T_f011100_t000370.00s.jpg,11100,370.00,30.000,1280,1024,5744.36
videoTermal\DJI_20260326174236_0001_T.MP4,smoke_dataset\data\frames_thermal_batch_01\DJI_20260326174236_0001_T\DJI_20260326174236_0001_T_f011160_t000372.00s.jpg,DJI_20260326174236_0001_T\DJI_20260326174236_0001_T_f011160_t000372.00s.jpg,11160,372.00,30.000,1280,1024,4088.20
videoTermal\DJI_20260326174236_0001_T.MP4,smoke_dataset\data\frames_thermal_batch_01\DJI_20260326174236_0001_T\DJI_20260326174236_0001_T_f011220_t000374.00s.jpg,DJI_20260326174236_0001_T\DJI_20260326174236_0001_T_f011220_t000374.00s.jpg,11220,374.00,30.000,1280,1024,4981.67
videoTermal\DJI_20260326174236_0001_T.MP4,smoke_dataset\data\frames_thermal_batch_01\DJI_20260326174236_0001_T\DJI_20260326174236_0001_T_f011280_t000376.00s.jpg,DJI_20260326174236_0001_T\DJI_20260326174236_0001_T_f011280_t000376.00s.jpg,11280,376.00,30.000,1280,1024,866.59
videoTermal\DJI_20260326174236_0001_T.MP4,smoke_dataset\data\frames_thermal_batch_01\DJI_20260326174236_0001_T\DJI_20260326174236_0001_T_f011400_t000380.00s.jpg,DJI_20260326174236_0001_T\DJI_20260326174236_0001_T_f011400_t000380.00s.jpg,11400,380.00,30.000,1280,1024,742.53
videoTermal\DJI_20260326174236_0001_T.MP4,smoke_dataset\data\frames_thermal_batch_01\DJI_20260326174236_0001_T\DJI_20260326174236_0001_T_f011460_t000382.00s.jpg,DJI_20260326174236_0001_T\DJI_20260326174236_0001_T_f011460_t000382.00s.jpg,11460,382.00,30.000,1280,1024,735.93
videoTermal\DJI_20260326174236_0001_T.MP4,smoke_dataset\data\frames_thermal_batch_01\DJI_20260326174236_0001_T\DJI_20260326174236_0001_T_f011520_t000384.00s.jpg,DJI_20260326174236_0001_T\DJI_20260326174236_0001_T_f011520_t000384.00s.jpg,11520,384.00,30.000,1280,1024,724.94
videoTermal\DJI_20260326174236_0001_T.MP4,smoke_dataset\data\frames_thermal_batch_01\DJI_20260326174236_0001_T\DJI_20260326174236_0001_T_f011580_t000386.00s.jpg,DJI_20260326174236_0001_T\DJI_20260326174236_0001_T_f011580_t000386.00s.jpg,11580,386.00,30.000,1280,1024,728.12
videoTermal\DJI_20260326174236_0001_T.MP4,smoke_dataset\data\frames_thermal_batch_01\DJI_20260326174236_0001_T\DJI_20260326174236_0001_T_f011700_t000390.00s.jpg,DJI_20260326174236_0001_T\DJI_20260326174236_0001_T_f011700_t000390.00s.jpg,11700,390.00,30.000,1280,1024,730.12
videoTermal\DJI_20260326174236_0001_T.MP4,smoke_dataset\data\frames_thermal_batch_01\DJI_20260326174236_0001_T\DJI_20260326174236_0001_T_f011760_t000392.00s.jpg,DJI_20260326174236_0001_T\DJI_20260326174236_0001_T_f011760_t000392.00s.jpg,11760,392.00,30.000,1280,1024,728.72
videoTermal\DJI_20260326174236_0001_T.MP4,smoke_dataset\data\frames_thermal_batch_01\DJI_20260326174236_0001_T\DJI_20260326174236_0001_T_f011820_t000394.00s.jpg,DJI_20260326174236_0001_T\DJI_20260326174236_0001_T_f011820_t000394.00s.jpg,11820,394.00,30.000,1280,1024,721.67
videoTermal\DJI_20260326174236_0001_T.MP4,smoke_dataset\data\frames_thermal_batch_01\DJI_20260326174236_0001_T\DJI_20260326174236_0001_T_f011880_t000396.00s.jpg,DJI_20260326174236_0001_T\DJI_20260326174236_0001_T_f011880_t000396.00s.jpg,11880,396.00,30.000,1280,1024,725.30
videoTermal\DJI_20260326174236_0001_T.MP4,smoke_dataset\data\frames_thermal_batch_01\DJI_20260326174236_0001_T\DJI_20260326174236_0001_T_f011940_t000398.00s.jpg,DJI_20260326174236_0001_T\DJI_20260326174236_0001_T_f011940_t000398.00s.jpg,11940,398.00,30.000,1280,1024,723.10
videoTermal\DJI_20260326174236_0001_T.MP4,smoke_dataset\data\frames_thermal_batch_01\DJI_20260326174236_0001_T\DJI_20260326174236_0001_T_f012000_t000400.00s.jpg,DJI_20260326174236_0001_T\DJI_20260326174236_0001_T_f012000_t000400.00s.jpg,12000,400.00,30.000,1280,1024,727.90
videoTermal\DJI_20260326174236_0001_T.MP4,smoke_dataset\data\frames_thermal_batch_01\DJI_20260326174236_0001_T\DJI_20260326174236_0001_T_f012060_t000402.00s.jpg,DJI_20260326174236_0001_T\DJI_20260326174236_0001_T_f012060_t000402.00s.jpg,12060,402.00,30.000,1280,1024,708.19
videoTermal\DJI_20260326174236_0001_T.MP4,smoke_dataset\data\frames_thermal_batch_01\DJI_20260326174236_0001_T\DJI_20260326174236_0001_T_f012120_t000404.00s.jpg,DJI_20260326174236_0001_T\DJI_20260326174236_0001_T_f012120_t000404.00s.jpg,12120,404.00,30.000,1280,1024,704.57
videoTermal\DJI_20260326174236_0001_T.MP4,smoke_dataset\data\frames_thermal_batch_01\DJI_20260326174236_0001_T\DJI_20260326174236_0001_T_f012180_t000406.00s.jpg,DJI_20260326174236_0001_T\DJI_20260326174236_0001_T_f012180_t000406.00s.jpg,12180,406.00,30.000,1280,1024,734.43
videoTermal\DJI_20260326174236_0001_T.MP4,smoke_dataset\data\frames_thermal_batch_01\DJI_20260326174236_0001_T\DJI_20260326174236_0001_T_f012300_t000410.00s.jpg,DJI_20260326174236_0001_T\DJI_20260326174236_0001_T_f012300_t000410.00s.jpg,12300,410.00,30.000,1280,1024,752.35
videoTermal\DJI_20260326174236_0001_T.MP4,smoke_dataset\data\frames_thermal_batch_01\DJI_20260326174236_0001_T\DJI_20260326174236_0001_T_f012360_t000412.00s.jpg,DJI_20260326174236_0001_T\DJI_20260326174236_0001_T_f012360_t000412.00s.jpg,12360,412.00,30.000,1280,1024,5558.14
videoTermal\DJI_20260326174236_0001_T.MP4,smoke_dataset\data\frames_thermal_batch_01\DJI_20260326174236_0001_T\DJI_20260326174236_0001_T_f012480_t000416.00s.jpg,DJI_20260326174236_0001_T\DJI_20260326174236_0001_T_f012480_t000416.00s.jpg,12480,416.00,30.000,1280,1024,1004.91
videoTermal\DJI_20260326174236_0001_T.MP4,smoke_dataset\data\frames_thermal_batch_01\DJI_20260326174236_0001_T\DJI_20260326174236_0001_T_f012540_t000418.00s.jpg,DJI_20260326174236_0001_T\DJI_20260326174236_0001_T_f012540_t000418.00s.jpg,12540,418.00,30.000,1280,1024,5060.83
videoTermal\DJI_20260326174236_0001_T.MP4,smoke_dataset\data\frames_thermal_batch_01\DJI_20260326174236_0001_T\DJI_20260326174236_0001_T_f012600_t000420.00s.jpg,DJI_20260326174236_0001_T\DJI_20260326174236_0001_T_f012600_t000420.00s.jpg,12600,420.00,30.000,1280,1024,2169.44
videoTermal\DJI_20260326174236_0001_T.MP4,smoke_dataset\data\frames_thermal_batch_01\DJI_20260326174236_0001_T\DJI_20260326174236_0001_T_f012720_t000424.00s.jpg,DJI_20260326174236_0001_T\DJI_20260326174236_0001_T_f012720_t000424.00s.jpg,12720,424.00,30.000,1280,1024,858.26
videoTermal\DJI_20260326174236_0001_T.MP4,smoke_dataset\data\frames_thermal_batch_01\DJI_20260326174236_0001_T\DJI_20260326174236_0001_T_f012780_t000426.00s.jpg,DJI_20260326174236_0001_T\DJI_20260326174236_0001_T_f012780_t000426.00s.jpg,12780,426.00,30.000,1280,1024,750.51
videoTermal\DJI_20260326174236_0001_T.MP4,smoke_dataset\data\frames_thermal_batch_01\DJI_20260326174236_0001_T\DJI_20260326174236_0001_T_f012840_t000428.00s.jpg,DJI_20260326174236_0001_T\DJI_20260326174236_0001_T_f012840_t000428.00s.jpg,12840,428.00,30.000,1280,1024,697.30
videoTermal\DJI_20260326174236_0001_T.MP4,smoke_dataset\data\frames_thermal_batch_01\DJI_20260326174236_0001_T\DJI_20260326174236_0001_T_f012900_t000430.00s.jpg,DJI_20260326174236_0001_T\DJI_20260326174236_0001_T_f012900_t000430.00s.jpg,12900,430.00,30.000,1280,1024,946.77
videoTermal\DJI_20260326174236_0001_T.MP4,smoke_dataset\data\frames_thermal_batch_01\DJI_20260326174236_0001_T\DJI_20260326174236_0001_T_f012960_t000432.00s.jpg,DJI_20260326174236_0001_T\DJI_20260326174236_0001_T_f012960_t000432.00s.jpg,12960,432.00,30.000,1280,1024,2133.98
videoTermal\DJI_20260326174236_0001_T.MP4,smoke_dataset\data\frames_thermal_batch_01\DJI_20260326174236_0001_T\DJI_20260326174236_0001_T_f013020_t000434.00s.jpg,DJI_20260326174236_0001_T\DJI_20260326174236_0001_T_f013020_t000434.00s.jpg,13020,434.00,30.000,1280,1024,2144.19
videoTermal\DJI_20260326174236_0001_T.MP4,smoke_dataset\data\frames_thermal_batch_01\DJI_20260326174236_0001_T\DJI_20260326174236_0001_T_f013080_t000436.00s.jpg,DJI_20260326174236_0001_T\DJI_20260326174236_0001_T_f013080_t000436.00s.jpg,13080,436.00,30.000,1280,1024,980.91
videoTermal\DJI_20260326174236_0001_T.MP4,smoke_dataset\data\frames_thermal_batch_01\DJI_20260326174236_0001_T\DJI_20260326174236_0001_T_f013140_t000438.00s.jpg,DJI_20260326174236_0001_T\DJI_20260326174236_0001_T_f013140_t000438.00s.jpg,13140,438.00,30.000,1280,1024,761.31
videoTermal\DJI_20260326174236_0001_T.MP4,smoke_dataset\data\frames_thermal_batch_01\DJI_20260326174236_0001_T\DJI_20260326174236_0001_T_f013320_t000444.00s.jpg,DJI_20260326174236_0001_T\DJI_20260326174236_0001_T_f013320_t000444.00s.jpg,13320,444.00,30.000,1280,1024,760.47
videoTermal\DJI_20260326174236_0001_T.MP4,smoke_dataset\data\frames_thermal_batch_01\DJI_20260326174236_0001_T\DJI_20260326174236_0001_T_f013380_t000446.00s.jpg,DJI_20260326174236_0001_T\DJI_20260326174236_0001_T_f013380_t000446.00s.jpg,13380,446.00,30.000,1280,1024,757.03
videoTermal\DJI_20260326174236_0001_T.MP4,smoke_dataset\data\frames_thermal_batch_01\DJI_20260326174236_0001_T\DJI_20260326174236_0001_T_f013440_t000448.00s.jpg,DJI_20260326174236_0001_T\DJI_20260326174236_0001_T_f013440_t000448.00s.jpg,13440,448.00,30.000,1280,1024,760.93
videoTermal\DJI_20260326174236_0001_T.MP4,smoke_dataset\data\frames_thermal_batch_01\DJI_20260326174236_0001_T\DJI_20260326174236_0001_T_f013500_t000450.00s.jpg,DJI_20260326174236_0001_T\DJI_20260326174236_0001_T_f013500_t000450.00s.jpg,13500,450.00,30.000,1280,1024,758.70
videoTermal\DJI_20260326174236_0001_T.MP4,smoke_dataset\data\frames_thermal_batch_01\DJI_20260326174236_0001_T\DJI_20260326174236_0001_T_f013560_t000452.00s.jpg,DJI_20260326174236_0001_T\DJI_20260326174236_0001_T_f013560_t000452.00s.jpg,13560,452.00,30.000,1280,1024,702.65
videoTermal\DJI_20260326174236_0001_T.MP4,smoke_dataset\data\frames_thermal_batch_01\DJI_20260326174236_0001_T\DJI_20260326174236_0001_T_f013620_t000454.00s.jpg,DJI_20260326174236_0001_T\DJI_20260326174236_0001_T_f013620_t000454.00s.jpg,13620,454.00,30.000,1280,1024,733.40
videoTermal\DJI_20260326174236_0001_T.MP4,smoke_dataset\data\frames_thermal_batch_01\DJI_20260326174236_0001_T\DJI_20260326174236_0001_T_f013680_t000456.00s.jpg,DJI_20260326174236_0001_T\DJI_20260326174236_0001_T_f013680_t000456.00s.jpg,13680,456.00,30.000,1280,1024,756.03
videoTermal\DJI_20260326174236_0001_T.MP4,smoke_dataset\data\frames_thermal_batch_01\DJI_20260326174236_0001_T\DJI_20260326174236_0001_T_f013740_t000458.00s.jpg,DJI_20260326174236_0001_T\DJI_20260326174236_0001_T_f013740_t000458.00s.jpg,13740,458.00,30.000,1280,1024,742.79
videoTermal\DJI_20260326174236_0001_T.MP4,smoke_dataset\data\frames_thermal_batch_01\DJI_20260326174236_0001_T\DJI_20260326174236_0001_T_f013800_t000460.00s.jpg,DJI_20260326174236_0001_T\DJI_20260326174236_0001_T_f013800_t000460.00s.jpg,13800,460.00,30.000,1280,1024,696.01
videoTermal\DJI_20260326174236_0001_T.MP4,smoke_dataset\data\frames_thermal_batch_01\DJI_20260326174236_0001_T\DJI_20260326174236_0001_T_f013860_t000462.00s.jpg,DJI_20260326174236_0001_T\DJI_20260326174236_0001_T_f013860_t000462.00s.jpg,13860,462.00,30.000,1280,1024,852.00
videoTermal\DJI_20260326174236_0001_T.MP4,smoke_dataset\data\frames_thermal_batch_01\DJI_20260326174236_0001_T\DJI_20260326174236_0001_T_f013920_t000464.00s.jpg,DJI_20260326174236_0001_T\DJI_20260326174236_0001_T_f013920_t000464.00s.jpg,13920,464.00,30.000,1280,1024,1023.23
videoTermal\DJI_20260326174236_0001_T.MP4,smoke_dataset\data\frames_thermal_batch_01\DJI_20260326174236_0001_T\DJI_20260326174236_0001_T_f013980_t000466.00s.jpg,DJI_20260326174236_0001_T\DJI_20260326174236_0001_T_f013980_t000466.00s.jpg,13980,466.00,30.000,1280,1024,786.63
videoTermal\DJI_20260326174236_0001_T.MP4,smoke_dataset\data\frames_thermal_batch_01\DJI_20260326174236_0001_T\DJI_20260326174236_0001_T_f014040_t000468.00s.jpg,DJI_20260326174236_0001_T\DJI_20260326174236_0001_T_f014040_t000468.00s.jpg,14040,468.00,30.000,1280,1024,769.29
videoTermal\DJI_20260326174236_0001_T.MP4,smoke_dataset\data\frames_thermal_batch_01\DJI_20260326174236_0001_T\DJI_20260326174236_0001_T_f014100_t000470.00s.jpg,DJI_20260326174236_0001_T\DJI_20260326174236_0001_T_f014100_t000470.00s.jpg,14100,470.00,30.000,1280,1024,803.45
videoTermal\DJI_20260326174236_0001_T.MP4,smoke_dataset\data\frames_thermal_batch_01\DJI_20260326174236_0001_T\DJI_20260326174236_0001_T_f014160_t000472.00s.jpg,DJI_20260326174236_0001_T\DJI_20260326174236_0001_T_f014160_t000472.00s.jpg,14160,472.00,30.000,1280,1024,845.38
videoTermal\DJI_20260326174236_0001_T.MP4,smoke_dataset\data\frames_thermal_batch_01\DJI_20260326174236_0001_T\DJI_20260326174236_0001_T_f014220_t000474.00s.jpg,DJI_20260326174236_0001_T\DJI_20260326174236_0001_T_f014220_t000474.00s.jpg,14220,474.00,30.000,1280,1024,759.01
videoTermal\DJI_20260326174236_0001_T.MP4,smoke_dataset\data\frames_thermal_batch_01\DJI_20260326174236_0001_T\DJI_20260326174236_0001_T_f014280_t000476.00s.jpg,DJI_20260326174236_0001_T\DJI_20260326174236_0001_T_f014280_t000476.00s.jpg,14280,476.00,30.000,1280,1024,704.42
videoTermal\DJI_20260326174236_0001_T.MP4,smoke_dataset\data\frames_thermal_batch_01\DJI_20260326174236_0001_T\DJI_20260326174236_0001_T_f014340_t000478.00s.jpg,DJI_20260326174236_0001_T\DJI_20260326174236_0001_T_f014340_t000478.00s.jpg,14340,478.00,30.000,1280,1024,847.97
videoTermal\DJI_20260326174236_0001_T.MP4,smoke_dataset\data\frames_thermal_batch_01\DJI_20260326174236_0001_T\DJI_20260326174236_0001_T_f014400_t000480.00s.jpg,DJI_20260326174236_0001_T\DJI_20260326174236_0001_T_f014400_t000480.00s.jpg,14400,480.00,30.000,1280,1024,811.63
videoTermal\DJI_20260326174236_0001_T.MP4,smoke_dataset\data\frames_thermal_batch_01\DJI_20260326174236_0001_T\DJI_20260326174236_0001_T_f014460_t000482.00s.jpg,DJI_20260326174236_0001_T\DJI_20260326174236_0001_T_f014460_t000482.00s.jpg,14460,482.00,30.000,1280,1024,842.60
videoTermal\DJI_20260326174236_0001_T.MP4,smoke_dataset\data\frames_thermal_batch_01\DJI_20260326174236_0001_T\DJI_20260326174236_0001_T_f014520_t000484.00s.jpg,DJI_20260326174236_0001_T\DJI_20260326174236_0001_T_f014520_t000484.00s.jpg,14520,484.00,30.000,1280,1024,705.81
videoTermal\DJI_20260326174236_0001_T.MP4,smoke_dataset\data\frames_thermal_batch_01\DJI_20260326174236_0001_T\DJI_20260326174236_0001_T_f014580_t000486.00s.jpg,DJI_20260326174236_0001_T\DJI_20260326174236_0001_T_f014580_t000486.00s.jpg,14580,486.00,30.000,1280,1024,890.94
videoTermal\DJI_20260326174236_0001_T.MP4,smoke_dataset\data\frames_thermal_batch_01\DJI_20260326174236_0001_T\DJI_20260326174236_0001_T_f014640_t000488.00s.jpg,DJI_20260326174236_0001_T\DJI_20260326174236_0001_T_f014640_t000488.00s.jpg,14640,488.00,30.000,1280,1024,903.93
videoTermal\DJI_20260326174236_0001_T.MP4,smoke_dataset\data\frames_thermal_batch_01\DJI_20260326174236_0001_T\DJI_20260326174236_0001_T_f014700_t000490.00s.jpg,DJI_20260326174236_0001_T\DJI_20260326174236_0001_T_f014700_t000490.00s.jpg,14700,490.00,30.000,1280,1024,919.20
videoTermal\DJI_20260326174236_0001_T.MP4,smoke_dataset\data\frames_thermal_batch_01\DJI_20260326174236_0001_T\DJI_20260326174236_0001_T_f014760_t000492.00s.jpg,DJI_20260326174236_0001_T\DJI_20260326174236_0001_T_f014760_t000492.00s.jpg,14760,492.00,30.000,1280,1024,820.34
videoTermal\DJI_20260326174236_0001_T.MP4,smoke_dataset\data\frames_thermal_batch_01\DJI_20260326174236_0001_T\DJI_20260326174236_0001_T_f014820_t000494.00s.jpg,DJI_20260326174236_0001_T\DJI_20260326174236_0001_T_f014820_t000494.00s.jpg,14820,494.00,30.000,1280,1024,807.32
videoTermal\DJI_20260326174236_0001_T.MP4,smoke_dataset\data\frames_thermal_batch_01\DJI_20260326174236_0001_T\DJI_20260326174236_0001_T_f014880_t000496.00s.jpg,DJI_20260326174236_0001_T\DJI_20260326174236_0001_T_f014880_t000496.00s.jpg,14880,496.00,30.000,1280,1024,843.26
videoTermal\DJI_20260326174236_0001_T.MP4,smoke_dataset\data\frames_thermal_batch_01\DJI_20260326174236_0001_T\DJI_20260326174236_0001_T_f014940_t000498.00s.jpg,DJI_20260326174236_0001_T\DJI_20260326174236_0001_T_f014940_t000498.00s.jpg,14940,498.00,30.000,1280,1024,871.65
videoTermal\DJI_20260326174236_0001_T.MP4,smoke_dataset\data\frames_thermal_batch_01\DJI_20260326174236_0001_T\DJI_20260326174236_0001_T_f015000_t000500.00s.jpg,DJI_20260326174236_0001_T\DJI_20260326174236_0001_T_f015000_t000500.00s.jpg,15000,500.00,30.000,1280,1024,868.81
videoTermal\DJI_20260326174236_0001_T.MP4,smoke_dataset\data\frames_thermal_batch_01\DJI_20260326174236_0001_T\DJI_20260326174236_0001_T_f015060_t000502.00s.jpg,DJI_20260326174236_0001_T\DJI_20260326174236_0001_T_f015060_t000502.00s.jpg,15060,502.00,30.000,1280,1024,861.18
videoTermal\DJI_20260326174236_0001_T.MP4,smoke_dataset\data\frames_thermal_batch_01\DJI_20260326174236_0001_T\DJI_20260326174236_0001_T_f015120_t000504.00s.jpg,DJI_20260326174236_0001_T\DJI_20260326174236_0001_T_f015120_t000504.00s.jpg,15120,504.00,30.000,1280,1024,880.12
videoTermal\DJI_20260326174236_0001_T.MP4,smoke_dataset\data\frames_thermal_batch_01\DJI_20260326174236_0001_T\DJI_20260326174236_0001_T_f015180_t000506.00s.jpg,DJI_20260326174236_0001_T\DJI_20260326174236_0001_T_f015180_t000506.00s.jpg,15180,506.00,30.000,1280,1024,875.46
videoTermal\DJI_20260326174236_0001_T.MP4,smoke_dataset\data\frames_thermal_batch_01\DJI_20260326174236_0001_T\DJI_20260326174236_0001_T_f015240_t000508.00s.jpg,DJI_20260326174236_0001_T\DJI_20260326174236_0001_T_f015240_t000508.00s.jpg,15240,508.00,30.000,1280,1024,879.51
videoTermal\DJI_20260326174236_0001_T.MP4,smoke_dataset\data\frames_thermal_batch_01\DJI_20260326174236_0001_T\DJI_20260326174236_0001_T_f015300_t000510.00s.jpg,DJI_20260326174236_0001_T\DJI_20260326174236_0001_T_f015300_t000510.00s.jpg,15300,510.00,30.000,1280,1024,879.36
videoTermal\DJI_20260326174236_0001_T.MP4,smoke_dataset\data\frames_thermal_batch_01\DJI_20260326174236_0001_T\DJI_20260326174236_0001_T_f015360_t000512.00s.jpg,DJI_20260326174236_0001_T\DJI_20260326174236_0001_T_f015360_t000512.00s.jpg,15360,512.00,30.000,1280,1024,877.25
videoTermal\DJI_20260326174236_0001_T.MP4,smoke_dataset\data\frames_thermal_batch_01\DJI_20260326174236_0001_T\DJI_20260326174236_0001_T_f015420_t000514.00s.jpg,DJI_20260326174236_0001_T\DJI_20260326174236_0001_T_f015420_t000514.00s.jpg,15420,514.00,30.000,1280,1024,598.80
videoTermal\DJI_20260326174236_0001_T.MP4,smoke_dataset\data\frames_thermal_batch_01\DJI_20260326174236_0001_T\DJI_20260326174236_0001_T_f015480_t000516.00s.jpg,DJI_20260326174236_0001_T\DJI_20260326174236_0001_T_f015480_t000516.00s.jpg,15480,516.00,30.000,1280,1024,832.83
videoTermal\DJI_20260326174236_0001_T.MP4,smoke_dataset\data\frames_thermal_batch_01\DJI_20260326174236_0001_T\DJI_20260326174236_0001_T_f015540_t000518.00s.jpg,DJI_20260326174236_0001_T\DJI_20260326174236_0001_T_f015540_t000518.00s.jpg,15540,518.00,30.000,1280,1024,836.87
videoTermal\DJI_20260326174236_0001_T.MP4,smoke_dataset\data\frames_thermal_batch_01\DJI_20260326174236_0001_T\DJI_20260326174236_0001_T_f015600_t000520.00s.jpg,DJI_20260326174236_0001_T\DJI_20260326174236_0001_T_f015600_t000520.00s.jpg,15600,520.00,30.000,1280,1024,4963.80
videoTermal\DJI_20260326174236_0001_T.MP4,smoke_dataset\data\frames_thermal_batch_01\DJI_20260326174236_0001_T\DJI_20260326174236_0001_T_f015660_t000522.00s.jpg,DJI_20260326174236_0001_T\DJI_20260326174236_0001_T_f015660_t000522.00s.jpg,15660,522.00,30.000,1280,1024,1951.81
videoTermal\DJI_20260326174236_0001_T.MP4,smoke_dataset\data\frames_thermal_batch_01\DJI_20260326174236_0001_T\DJI_20260326174236_0001_T_f015720_t000524.00s.jpg,DJI_20260326174236_0001_T\DJI_20260326174236_0001_T_f015720_t000524.00s.jpg,15720,524.00,30.000,1280,1024,2745.67
videoTermal\DJI_20260326174236_0001_T.MP4,smoke_dataset\data\frames_thermal_batch_01\DJI_20260326174236_0001_T\DJI_20260326174236_0001_T_f015840_t000528.00s.jpg,DJI_20260326174236_0001_T\DJI_20260326174236_0001_T_f015840_t000528.00s.jpg,15840,528.00,30.000,1280,1024,3518.11
videoTermal\DJI_20260326174236_0001_T.MP4,smoke_dataset\data\frames_thermal_batch_01\DJI_20260326174236_0001_T\DJI_20260326174236_0001_T_f015900_t000530.00s.jpg,DJI_20260326174236_0001_T\DJI_20260326174236_0001_T_f015900_t000530.00s.jpg,15900,530.00,30.000,1280,1024,1677.48
videoTermal\DJI_20260326174236_0001_T.MP4,smoke_dataset\data\frames_thermal_batch_01\DJI_20260326174236_0001_T\DJI_20260326174236_0001_T_f015960_t000532.00s.jpg,DJI_20260326174236_0001_T\DJI_20260326174236_0001_T_f015960_t000532.00s.jpg,15960,532.00,30.000,1280,1024,1286.56
videoTermal\DJI_20260326174236_0001_T.MP4,smoke_dataset\data\frames_thermal_batch_01\DJI_20260326174236_0001_T\DJI_20260326174236_0001_T_f016020_t000534.00s.jpg,DJI_20260326174236_0001_T\DJI_20260326174236_0001_T_f016020_t000534.00s.jpg,16020,534.00,30.000,1280,1024,1067.44
videoTermal\DJI_20260326174236_0001_T.MP4,smoke_dataset\data\frames_thermal_batch_01\DJI_20260326174236_0001_T\DJI_20260326174236_0001_T_f016080_t000536.00s.jpg,DJI_20260326174236_0001_T\DJI_20260326174236_0001_T_f016080_t000536.00s.jpg,16080,536.00,30.000,1280,1024,1403.10
videoTermal\DJI_20260326174236_0001_T.MP4,smoke_dataset\data\frames_thermal_batch_01\DJI_20260326174236_0001_T\DJI_20260326174236_0001_T_f016140_t000538.00s.jpg,DJI_20260326174236_0001_T\DJI_20260326174236_0001_T_f016140_t000538.00s.jpg,16140,538.00,30.000,1280,1024,1947.47
videoTermal\DJI_20260326174236_0001_T.MP4,smoke_dataset\data\frames_thermal_batch_01\DJI_20260326174236_0001_T\DJI_20260326174236_0001_T_f016260_t000542.00s.jpg,DJI_20260326174236_0001_T\DJI_20260326174236_0001_T_f016260_t000542.00s.jpg,16260,542.00,30.000,1280,1024,1887.18
videoTermal\DJI_20260326174236_0001_T.MP4,smoke_dataset\data\frames_thermal_batch_01\DJI_20260326174236_0001_T\DJI_20260326174236_0001_T_f016320_t000544.00s.jpg,DJI_20260326174236_0001_T\DJI_20260326174236_0001_T_f016320_t000544.00s.jpg,16320,544.00,30.000,1280,1024,1743.15
videoTermal\DJI_20260326174236_0001_T.MP4,smoke_dataset\data\frames_thermal_batch_01\DJI_20260326174236_0001_T\DJI_20260326174236_0001_T_f016440_t000548.00s.jpg,DJI_20260326174236_0001_T\DJI_20260326174236_0001_T_f016440_t000548.00s.jpg,16440,548.00,30.000,1280,1024,1767.82
videoTermal\DJI_20260326174236_0001_T.MP4,smoke_dataset\data\frames_thermal_batch_01\DJI_20260326174236_0001_T\DJI_20260326174236_0001_T_f016500_t000550.00s.jpg,DJI_20260326174236_0001_T\DJI_20260326174236_0001_T_f016500_t000550.00s.jpg,16500,550.00,30.000,1280,1024,901.02
videoTermal\DJI_20260326174236_0001_T.MP4,smoke_dataset\data\frames_thermal_batch_01\DJI_20260326174236_0001_T\DJI_20260326174236_0001_T_f016620_t000554.00s.jpg,DJI_20260326174236_0001_T\DJI_20260326174236_0001_T_f016620_t000554.00s.jpg,16620,554.00,30.000,1280,1024,880.66
videoTermal\DJI_20260326174236_0001_T.MP4,smoke_dataset\data\frames_thermal_batch_01\DJI_20260326174236_0001_T\DJI_20260326174236_0001_T_f016680_t000556.00s.jpg,DJI_20260326174236_0001_T\DJI_20260326174236_0001_T_f016680_t000556.00s.jpg,16680,556.00,30.000,1280,1024,882.11
videoTermal\DJI_20260326174236_0001_T.MP4,smoke_dataset\data\frames_thermal_batch_01\DJI_20260326174236_0001_T\DJI_20260326174236_0001_T_f016740_t000558.00s.jpg,DJI_20260326174236_0001_T\DJI_20260326174236_0001_T_f016740_t000558.00s.jpg,16740,558.00,30.000,1280,1024,1158.84
videoTermal\DJI_20260326174236_0001_T.MP4,smoke_dataset\data\frames_thermal_batch_01\DJI_20260326174236_0001_T\DJI_20260326174236_0001_T_f016800_t000560.00s.jpg,DJI_20260326174236_0001_T\DJI_20260326174236_0001_T_f016800_t000560.00s.jpg,16800,560.00,30.000,1280,1024,1268.72
videoTermal\DJI_20260326174236_0001_T.MP4,smoke_dataset\data\frames_thermal_batch_01\DJI_20260326174236_0001_T\DJI_20260326174236_0001_T_f016860_t000562.00s.jpg,DJI_20260326174236_0001_T\DJI_20260326174236_0001_T_f016860_t000562.00s.jpg,16860,562.00,30.000,1280,1024,1268.60
videoTermal\DJI_20260326174236_0001_T.MP4,smoke_dataset\data\frames_thermal_batch_01\DJI_20260326174236_0001_T\DJI_20260326174236_0001_T_f016920_t000564.00s.jpg,DJI_20260326174236_0001_T\DJI_20260326174236_0001_T_f016920_t000564.00s.jpg,16920,564.00,30.000,1280,1024,1290.40
videoTermal\DJI_20260326174236_0001_T.MP4,smoke_dataset\data\frames_thermal_batch_01\DJI_20260326174236_0001_T\DJI_20260326174236_0001_T_f016980_t000566.00s.jpg,DJI_20260326174236_0001_T\DJI_20260326174236_0001_T_f016980_t000566.00s.jpg,16980,566.00,30.000,1280,1024,905.12
videoTermal\DJI_20260326174236_0001_T.MP4,smoke_dataset\data\frames_thermal_batch_01\DJI_20260326174236_0001_T\DJI_20260326174236_0001_T_f017040_t000568.00s.jpg,DJI_20260326174236_0001_T\DJI_20260326174236_0001_T_f017040_t000568.00s.jpg,17040,568.00,30.000,1280,1024,614.89
videoTermal\DJI_20260326174236_0001_T.MP4,smoke_dataset\data\frames_thermal_batch_01\DJI_20260326174236_0001_T\DJI_20260326174236_0001_T_f017100_t000570.00s.jpg,DJI_20260326174236_0001_T\DJI_20260326174236_0001_T_f017100_t000570.00s.jpg,17100,570.00,30.000,1280,1024,613.06
videoTermal\DJI_20260326174236_0001_T.MP4,smoke_dataset\data\frames_thermal_batch_01\DJI_20260326174236_0001_T\DJI_20260326174236_0001_T_f017160_t000572.00s.jpg,DJI_20260326174236_0001_T\DJI_20260326174236_0001_T_f017160_t000572.00s.jpg,17160,572.00,30.000,1280,1024,614.08
videoTermal\DJI_20260326174236_0001_T.MP4,smoke_dataset\data\frames_thermal_batch_01\DJI_20260326174236_0001_T\DJI_20260326174236_0001_T_f017220_t000574.00s.jpg,DJI_20260326174236_0001_T\DJI_20260326174236_0001_T_f017220_t000574.00s.jpg,17220,574.00,30.000,1280,1024,652.01
videoTermal\DJI_20260326174236_0001_T.MP4,smoke_dataset\data\frames_thermal_batch_01\DJI_20260326174236_0001_T\DJI_20260326174236_0001_T_f017280_t000576.00s.jpg,DJI_20260326174236_0001_T\DJI_20260326174236_0001_T_f017280_t000576.00s.jpg,17280,576.00,30.000,1280,1024,659.57
videoTermal\DJI_20260326174236_0001_T.MP4,smoke_dataset\data\frames_thermal_batch_01\DJI_20260326174236_0001_T\DJI_20260326174236_0001_T_f017340_t000578.00s.jpg,DJI_20260326174236_0001_T\DJI_20260326174236_0001_T_f017340_t000578.00s.jpg,17340,578.00,30.000,1280,1024,636.96
videoTermal\DJI_20260326174236_0001_T.MP4,smoke_dataset\data\frames_thermal_batch_01\DJI_20260326174236_0001_T\DJI_20260326174236_0001_T_f017400_t000580.00s.jpg,DJI_20260326174236_0001_T\DJI_20260326174236_0001_T_f017400_t000580.00s.jpg,17400,580.00,30.000,1280,1024,636.67
videoTermal\DJI_20260326174236_0001_T.MP4,smoke_dataset\data\frames_thermal_batch_01\DJI_20260326174236_0001_T\DJI_20260326174236_0001_T_f017460_t000582.00s.jpg,DJI_20260326174236_0001_T\DJI_20260326174236_0001_T_f017460_t000582.00s.jpg,17460,582.00,30.000,1280,1024,652.42
videoTermal\DJI_20260326174236_0001_T.MP4,smoke_dataset\data\frames_thermal_batch_01\DJI_20260326174236_0001_T\DJI_20260326174236_0001_T_f017520_t000584.00s.jpg,DJI_20260326174236_0001_T\DJI_20260326174236_0001_T_f017520_t000584.00s.jpg,17520,584.00,30.000,1280,1024,643.80
videoTermal\DJI_20260326174236_0001_T.MP4,smoke_dataset\data\frames_thermal_batch_01\DJI_20260326174236_0001_T\DJI_20260326174236_0001_T_f017580_t000586.00s.jpg,DJI_20260326174236_0001_T\DJI_20260326174236_0001_T_f017580_t000586.00s.jpg,17580,586.00,30.000,1280,1024,642.80
videoTermal\DJI_20260326174236_0001_T.MP4,smoke_dataset\data\frames_thermal_batch_01\DJI_20260326174236_0001_T\DJI_20260326174236_0001_T_f017640_t000588.00s.jpg,DJI_20260326174236_0001_T\DJI_20260326174236_0001_T_f017640_t000588.00s.jpg,17640,588.00,30.000,1280,1024,653.19
videoTermal\DJI_20260326174236_0001_T.MP4,smoke_dataset\data\frames_thermal_batch_01\DJI_20260326174236_0001_T\DJI_20260326174236_0001_T_f017760_t000592.00s.jpg,DJI_20260326174236_0001_T\DJI_20260326174236_0001_T_f017760_t000592.00s.jpg,17760,592.00,30.000,1280,1024,639.52
videoTermal\DJI_20260326174236_0001_T.MP4,smoke_dataset\data\frames_thermal_batch_01\DJI_20260326174236_0001_T\DJI_20260326174236_0001_T_f017820_t000594.00s.jpg,DJI_20260326174236_0001_T\DJI_20260326174236_0001_T_f017820_t000594.00s.jpg,17820,594.00,30.000,1280,1024,632.10
videoTermal\DJI_20260326174236_0001_T.MP4,smoke_dataset\data\frames_thermal_batch_01\DJI_20260326174236_0001_T\DJI_20260326174236_0001_T_f017880_t000596.00s.jpg,DJI_20260326174236_0001_T\DJI_20260326174236_0001_T_f017880_t000596.00s.jpg,17880,596.00,30.000,1280,1024,655.97
videoTermal\DJI_20260326174236_0001_T.MP4,smoke_dataset\data\frames_thermal_batch_01\DJI_20260326174236_0001_T\DJI_20260326174236_0001_T_f017940_t000598.00s.jpg,DJI_20260326174236_0001_T\DJI_20260326174236_0001_T_f017940_t000598.00s.jpg,17940,598.00,30.000,1280,1024,652.89
videoTermal\DJI_20260326174236_0001_T.MP4,smoke_dataset\data\frames_thermal_batch_01\DJI_20260326174236_0001_T\DJI_20260326174236_0001_T_f018000_t000600.00s.jpg,DJI_20260326174236_0001_T\DJI_20260326174236_0001_T_f018000_t000600.00s.jpg,18000,600.00,30.000,1280,1024,605.26
videoTermal\DJI_20260326174236_0001_T.MP4,smoke_dataset\data\frames_thermal_batch_01\DJI_20260326174236_0001_T\DJI_20260326174236_0001_T_f018060_t000602.00s.jpg,DJI_20260326174236_0001_T\DJI_20260326174236_0001_T_f018060_t000602.00s.jpg,18060,602.00,30.000,1280,1024,649.14
videoTermal\DJI_20260326174236_0001_T.MP4,smoke_dataset\data\frames_thermal_batch_01\DJI_20260326174236_0001_T\DJI_20260326174236_0001_T_f018120_t000604.00s.jpg,DJI_20260326174236_0001_T\DJI_20260326174236_0001_T_f018120_t000604.00s.jpg,18120,604.00,30.000,1280,1024,656.26
videoTermal\DJI_20260326174236_0001_T.MP4,smoke_dataset\data\frames_thermal_batch_01\DJI_20260326174236_0001_T\DJI_20260326174236_0001_T_f018180_t000606.00s.jpg,DJI_20260326174236_0001_T\DJI_20260326174236_0001_T_f018180_t000606.00s.jpg,18180,606.00,30.000,1280,1024,653.84
videoTermal\DJI_20260326174236_0001_T.MP4,smoke_dataset\data\frames_thermal_batch_01\DJI_20260326174236_0001_T\DJI_20260326174236_0001_T_f018240_t000608.00s.jpg,DJI_20260326174236_0001_T\DJI_20260326174236_0001_T_f018240_t000608.00s.jpg,18240,608.00,30.000,1280,1024,659.84
videoTermal\DJI_20260326174236_0001_T.MP4,smoke_dataset\data\frames_thermal_batch_01\DJI_20260326174236_0001_T\DJI_20260326174236_0001_T_f018420_t000614.00s.jpg,DJI_20260326174236_0001_T\DJI_20260326174236_0001_T_f018420_t000614.00s.jpg,18420,614.00,30.000,1280,1024,681.06
videoTermal\DJI_20260326174236_0001_T.MP4,smoke_dataset\data\frames_thermal_batch_01\DJI_20260326174236_0001_T\DJI_20260326174236_0001_T_f018600_t000620.00s.jpg,DJI_20260326174236_0001_T\DJI_20260326174236_0001_T_f018600_t000620.00s.jpg,18600,620.00,30.000,1280,1024,877.07
videoTermal\DJI_20260326174236_0001_T.MP4,smoke_dataset\data\frames_thermal_batch_01\DJI_20260326174236_0001_T\DJI_20260326174236_0001_T_f018660_t000622.00s.jpg,DJI_20260326174236_0001_T\DJI_20260326174236_0001_T_f018660_t000622.00s.jpg,18660,622.00,30.000,1280,1024,724.64
videoTermal\DJI_20260326174236_0001_T.MP4,smoke_dataset\data\frames_thermal_batch_01\DJI_20260326174236_0001_T\DJI_20260326174236_0001_T_f018720_t000624.00s.jpg,DJI_20260326174236_0001_T\DJI_20260326174236_0001_T_f018720_t000624.00s.jpg,18720,624.00,30.000,1280,1024,722.31
videoTermal\DJI_20260326174236_0001_T.MP4,smoke_dataset\data\frames_thermal_batch_01\DJI_20260326174236_0001_T\DJI_20260326174236_0001_T_f018780_t000626.00s.jpg,DJI_20260326174236_0001_T\DJI_20260326174236_0001_T_f018780_t000626.00s.jpg,18780,626.00,30.000,1280,1024,727.94
videoTermal\DJI_20260326174236_0001_T.MP4,smoke_dataset\data\frames_thermal_batch_01\DJI_20260326174236_0001_T\DJI_20260326174236_0001_T_f018840_t000628.00s.jpg,DJI_20260326174236_0001_T\DJI_20260326174236_0001_T_f018840_t000628.00s.jpg,18840,628.00,30.000,1280,1024,939.87
videoTermal\DJI_20260326174236_0001_T.MP4,smoke_dataset\data\frames_thermal_batch_01\DJI_20260326174236_0001_T\DJI_20260326174236_0001_T_f018900_t000630.00s.jpg,DJI_20260326174236_0001_T\DJI_20260326174236_0001_T_f018900_t000630.00s.jpg,18900,630.00,30.000,1280,1024,1221.09
videoTermal\DJI_20260326174236_0001_T.MP4,smoke_dataset\data\frames_thermal_batch_01\DJI_20260326174236_0001_T\DJI_20260326174236_0001_T_f019020_t000634.00s.jpg,DJI_20260326174236_0001_T\DJI_20260326174236_0001_T_f019020_t000634.00s.jpg,19020,634.00,30.000,1280,1024,1236.68
videoTermal\DJI_20260326174236_0001_T.MP4,smoke_dataset\data\frames_thermal_batch_01\DJI_20260326174236_0001_T\DJI_20260326174236_0001_T_f019200_t000640.00s.jpg,DJI_20260326174236_0001_T\DJI_20260326174236_0001_T_f019200_t000640.00s.jpg,19200,640.00,30.000,1280,1024,1214.33
videoTermal\DJI_20260326174236_0001_T.MP4,smoke_dataset\data\frames_thermal_batch_01\DJI_20260326174236_0001_T\DJI_20260326174236_0001_T_f019260_t000642.00s.jpg,DJI_20260326174236_0001_T\DJI_20260326174236_0001_T_f019260_t000642.00s.jpg,19260,642.00,30.000,1280,1024,1225.78
videoTermal\DJI_20260326174236_0001_T.MP4,smoke_dataset\data\frames_thermal_batch_01\DJI_20260326174236_0001_T\DJI_20260326174236_0001_T_f019320_t000644.00s.jpg,DJI_20260326174236_0001_T\DJI_20260326174236_0001_T_f019320_t000644.00s.jpg,19320,644.00,30.000,1280,1024,763.47
videoTermal\DJI_20260326174236_0001_T.MP4,smoke_dataset\data\frames_thermal_batch_01\DJI_20260326174236_0001_T\DJI_20260326174236_0001_T_f019380_t000646.00s.jpg,DJI_20260326174236_0001_T\DJI_20260326174236_0001_T_f019380_t000646.00s.jpg,19380,646.00,30.000,1280,1024,745.14
videoTermal\DJI_20260326174236_0001_T.MP4,smoke_dataset\data\frames_thermal_batch_01\DJI_20260326174236_0001_T\DJI_20260326174236_0001_T_f019440_t000648.00s.jpg,DJI_20260326174236_0001_T\DJI_20260326174236_0001_T_f019440_t000648.00s.jpg,19440,648.00,30.000,1280,1024,739.94
videoTermal\DJI_20260326174236_0001_T.MP4,smoke_dataset\data\frames_thermal_batch_01\DJI_20260326174236_0001_T\DJI_20260326174236_0001_T_f019500_t000650.00s.jpg,DJI_20260326174236_0001_T\DJI_20260326174236_0001_T_f019500_t000650.00s.jpg,19500,650.00,30.000,1280,1024,738.12
videoTermal\DJI_20260326174236_0001_T.MP4,smoke_dataset\data\frames_thermal_batch_01\DJI_20260326174236_0001_T\DJI_20260326174236_0001_T_f019560_t000652.00s.jpg,DJI_20260326174236_0001_T\DJI_20260326174236_0001_T_f019560_t000652.00s.jpg,19560,652.00,30.000,1280,1024,733.22
videoTermal\DJI_20260326174236_0001_T.MP4,smoke_dataset\data\frames_thermal_batch_01\DJI_20260326174236_0001_T\DJI_20260326174236_0001_T_f019620_t000654.00s.jpg,DJI_20260326174236_0001_T\DJI_20260326174236_0001_T_f019620_t000654.00s.jpg,19620,654.00,30.000,1280,1024,733.24
videoTermal\DJI_20260326174236_0001_T.MP4,smoke_dataset\data\frames_thermal_batch_01\DJI_20260326174236_0001_T\DJI_20260326174236_0001_T_f019680_t000656.00s.jpg,DJI_20260326174236_0001_T\DJI_20260326174236_0001_T_f019680_t000656.00s.jpg,19680,656.00,30.000,1280,1024,726.25
videoTermal\DJI_20260326174236_0001_T.MP4,smoke_dataset\data\frames_thermal_batch_01\DJI_20260326174236_0001_T\DJI_20260326174236_0001_T_f019740_t000658.00s.jpg,DJI_20260326174236_0001_T\DJI_20260326174236_0001_T_f019740_t000658.00s.jpg,19740,658.00,30.000,1280,1024,729.96
videoTermal\DJI_20260326174236_0001_T.MP4,smoke_dataset\data\frames_thermal_batch_01\DJI_20260326174236_0001_T\DJI_20260326174236_0001_T_f019800_t000660.00s.jpg,DJI_20260326174236_0001_T\DJI_20260326174236_0001_T_f019800_t000660.00s.jpg,19800,660.00,30.000,1280,1024,725.38
videoTermal\DJI_20260326174236_0001_T.MP4,smoke_dataset\data\frames_thermal_batch_01\DJI_20260326174236_0001_T\DJI_20260326174236_0001_T_f019860_t000662.00s.jpg,DJI_20260326174236_0001_T\DJI_20260326174236_0001_T_f019860_t000662.00s.jpg,19860,662.00,30.000,1280,1024,721.41
videoTermal\DJI_20260326174236_0001_T.MP4,smoke_dataset\data\frames_thermal_batch_01\DJI_20260326174236_0001_T\DJI_20260326174236_0001_T_f019920_t000664.00s.jpg,DJI_20260326174236_0001_T\DJI_20260326174236_0001_T_f019920_t000664.00s.jpg,19920,664.00,30.000,1280,1024,615.13
videoTermal\DJI_20260326174236_0001_T.MP4,smoke_dataset\data\frames_thermal_batch_01\DJI_20260326174236_0001_T\DJI_20260326174236_0001_T_f019980_t000666.00s.jpg,DJI_20260326174236_0001_T\DJI_20260326174236_0001_T_f019980_t000666.00s.jpg,19980,666.00,30.000,1280,1024,624.69
videoTermal\DJI_20260326174236_0001_T.MP4,smoke_dataset\data\frames_thermal_batch_01\DJI_20260326174236_0001_T\DJI_20260326174236_0001_T_f020040_t000668.00s.jpg,DJI_20260326174236_0001_T\DJI_20260326174236_0001_T_f020040_t000668.00s.jpg,20040,668.00,30.000,1280,1024,625.96
videoTermal\DJI_20260326174236_0001_T.MP4,smoke_dataset\data\frames_thermal_batch_01\DJI_20260326174236_0001_T\DJI_20260326174236_0001_T_f020100_t000670.00s.jpg,DJI_20260326174236_0001_T\DJI_20260326174236_0001_T_f020100_t000670.00s.jpg,20100,670.00,30.000,1280,1024,625.08
videoTermal\DJI_20260326174236_0001_T.MP4,smoke_dataset\data\frames_thermal_batch_01\DJI_20260326174236_0001_T\DJI_20260326174236_0001_T_f020160_t000672.00s.jpg,DJI_20260326174236_0001_T\DJI_20260326174236_0001_T_f020160_t000672.00s.jpg,20160,672.00,30.000,1280,1024,622.11
videoTermal\DJI_20260326174236_0001_T.MP4,smoke_dataset\data\frames_thermal_batch_01\DJI_20260326174236_0001_T\DJI_20260326174236_0001_T_f020220_t000674.00s.jpg,DJI_20260326174236_0001_T\DJI_20260326174236_0001_T_f020220_t000674.00s.jpg,20220,674.00,30.000,1280,1024,623.31
videoTermal\DJI_20260326174236_0001_T.MP4,smoke_dataset\data\frames_thermal_batch_01\DJI_20260326174236_0001_T\DJI_20260326174236_0001_T_f020280_t000676.00s.jpg,DJI_20260326174236_0001_T\DJI_20260326174236_0001_T_f020280_t000676.00s.jpg,20280,676.00,30.000,1280,1024,624.10
videoTermal\DJI_20260326174236_0001_T.MP4,smoke_dataset\data\frames_thermal_batch_01\DJI_20260326174236_0001_T\DJI_20260326174236_0001_T_f020340_t000678.00s.jpg,DJI_20260326174236_0001_T\DJI_20260326174236_0001_T_f020340_t000678.00s.jpg,20340,678.00,30.000,1280,1024,623.51
videoTermal\DJI_20260326174236_0001_T.MP4,smoke_dataset\data\frames_thermal_batch_01\DJI_20260326174236_0001_T\DJI_20260326174236_0001_T_f020400_t000680.00s.jpg,DJI_20260326174236_0001_T\DJI_20260326174236_0001_T_f020400_t000680.00s.jpg,20400,680.00,30.000,1280,1024,622.81
videoTermal\DJI_20260326174236_0001_T.MP4,smoke_dataset\data\frames_thermal_batch_01\DJI_20260326174236_0001_T\DJI_20260326174236_0001_T_f020460_t000682.00s.jpg,DJI_20260326174236_0001_T\DJI_20260326174236_0001_T_f020460_t000682.00s.jpg,20460,682.00,30.000,1280,1024,627.54
videoTermal\DJI_20260326174236_0001_T.MP4,smoke_dataset\data\frames_thermal_batch_01\DJI_20260326174236_0001_T\DJI_20260326174236_0001_T_f020520_t000684.00s.jpg,DJI_20260326174236_0001_T\DJI_20260326174236_0001_T_f020520_t000684.00s.jpg,20520,684.00,30.000,1280,1024,618.49
videoTermal\DJI_20260326174236_0001_T.MP4,smoke_dataset\data\frames_thermal_batch_01\DJI_20260326174236_0001_T\DJI_20260326174236_0001_T_f020580_t000686.00s.jpg,DJI_20260326174236_0001_T\DJI_20260326174236_0001_T_f020580_t000686.00s.jpg,20580,686.00,30.000,1280,1024,627.51
videoTermal\DJI_20260326174236_0001_T.MP4,smoke_dataset\data\frames_thermal_batch_01\DJI_20260326174236_0001_T\DJI_20260326174236_0001_T_f020640_t000688.00s.jpg,DJI_20260326174236_0001_T\DJI_20260326174236_0001_T_f020640_t000688.00s.jpg,20640,688.00,30.000,1280,1024,631.06
videoTermal\DJI_20260326174236_0001_T.MP4,smoke_dataset\data\frames_thermal_batch_01\DJI_20260326174236_0001_T\DJI_20260326174236_0001_T_f020700_t000690.00s.jpg,DJI_20260326174236_0001_T\DJI_20260326174236_0001_T_f020700_t000690.00s.jpg,20700,690.00,30.000,1280,1024,630.10
videoTermal\DJI_20260326174236_0001_T.MP4,smoke_dataset\data\frames_thermal_batch_01\DJI_20260326174236_0001_T\DJI_20260326174236_0001_T_f020760_t000692.00s.jpg,DJI_20260326174236_0001_T\DJI_20260326174236_0001_T_f020760_t000692.00s.jpg,20760,692.00,30.000,1280,1024,625.80
videoTermal\DJI_20260326174236_0001_T.MP4,smoke_dataset\data\frames_thermal_batch_01\DJI_20260326174236_0001_T\DJI_20260326174236_0001_T_f020820_t000694.00s.jpg,DJI_20260326174236_0001_T\DJI_20260326174236_0001_T_f020820_t000694.00s.jpg,20820,694.00,30.000,1280,1024,624.60
videoTermal\DJI_20260326174236_0001_T.MP4,smoke_dataset\data\frames_thermal_batch_01\DJI_20260326174236_0001_T\DJI_20260326174236_0001_T_f020880_t000696.00s.jpg,DJI_20260326174236_0001_T\DJI_20260326174236_0001_T_f020880_t000696.00s.jpg,20880,696.00,30.000,1280,1024,629.41
videoTermal\DJI_20260326174236_0001_T.MP4,smoke_dataset\data\frames_thermal_batch_01\DJI_20260326174236_0001_T\DJI_20260326174236_0001_T_f020940_t000698.00s.jpg,DJI_20260326174236_0001_T\DJI_20260326174236_0001_T_f020940_t000698.00s.jpg,20940,698.00,30.000,1280,1024,628.56
videoTermal\DJI_20260326174236_0001_T.MP4,smoke_dataset\data\frames_thermal_batch_01\DJI_20260326174236_0001_T\DJI_20260326174236_0001_T_f021000_t000700.00s.jpg,DJI_20260326174236_0001_T\DJI_20260326174236_0001_T_f021000_t000700.00s.jpg,21000,700.00,30.000,1280,1024,631.78
videoTermal\DJI_20260326174236_0001_T.MP4,smoke_dataset\data\frames_thermal_batch_01\DJI_20260326174236_0001_T\DJI_20260326174236_0001_T_f021060_t000702.00s.jpg,DJI_20260326174236_0001_T\DJI_20260326174236_0001_T_f021060_t000702.00s.jpg,21060,702.00,30.000,1280,1024,625.89
videoTermal\DJI_20260326174236_0001_T.MP4,smoke_dataset\data\frames_thermal_batch_01\DJI_20260326174236_0001_T\DJI_20260326174236_0001_T_f021120_t000704.00s.jpg,DJI_20260326174236_0001_T\DJI_20260326174236_0001_T_f021120_t000704.00s.jpg,21120,704.00,30.000,1280,1024,628.52
videoTermal\DJI_20260326174236_0001_T.MP4,smoke_dataset\data\frames_thermal_batch_01\DJI_20260326174236_0001_T\DJI_20260326174236_0001_T_f021180_t000706.00s.jpg,DJI_20260326174236_0001_T\DJI_20260326174236_0001_T_f021180_t000706.00s.jpg,21180,706.00,30.000,1280,1024,630.55
videoTermal\DJI_20260326174236_0001_T.MP4,smoke_dataset\data\frames_thermal_batch_01\DJI_20260326174236_0001_T\DJI_20260326174236_0001_T_f021240_t000708.00s.jpg,DJI_20260326174236_0001_T\DJI_20260326174236_0001_T_f021240_t000708.00s.jpg,21240,708.00,30.000,1280,1024,632.95
videoTermal\DJI_20260326174236_0001_T.MP4,smoke_dataset\data\frames_thermal_batch_01\DJI_20260326174236_0001_T\DJI_20260326174236_0001_T_f021300_t000710.00s.jpg,DJI_20260326174236_0001_T\DJI_20260326174236_0001_T_f021300_t000710.00s.jpg,21300,710.00,30.000,1280,1024,629.95
videoTermal\DJI_20260326174236_0001_T.MP4,smoke_dataset\data\frames_thermal_batch_01\DJI_20260326174236_0001_T\DJI_20260326174236_0001_T_f021360_t000712.00s.jpg,DJI_20260326174236_0001_T\DJI_20260326174236_0001_T_f021360_t000712.00s.jpg,21360,712.00,30.000,1280,1024,628.06
videoTermal\DJI_20260326174236_0001_T.MP4,smoke_dataset\data\frames_thermal_batch_01\DJI_20260326174236_0001_T\DJI_20260326174236_0001_T_f021420_t000714.00s.jpg,DJI_20260326174236_0001_T\DJI_20260326174236_0001_T_f021420_t000714.00s.jpg,21420,714.00,30.000,1280,1024,633.24
videoTermal\DJI_20260326174236_0001_T.MP4,smoke_dataset\data\frames_thermal_batch_01\DJI_20260326174236_0001_T\DJI_20260326174236_0001_T_f021480_t000716.00s.jpg,DJI_20260326174236_0001_T\DJI_20260326174236_0001_T_f021480_t000716.00s.jpg,21480,716.00,30.000,1280,1024,619.86
videoTermal\DJI_20260326174236_0001_T.MP4,smoke_dataset\data\frames_thermal_batch_01\DJI_20260326174236_0001_T\DJI_20260326174236_0001_T_f021540_t000718.00s.jpg,DJI_20260326174236_0001_T\DJI_20260326174236_0001_T_f021540_t000718.00s.jpg,21540,718.00,30.000,1280,1024,642.70
videoTermal\DJI_20260326174236_0001_T.MP4,smoke_dataset\data\frames_thermal_batch_01\DJI_20260326174236_0001_T\DJI_20260326174236_0001_T_f021600_t000720.00s.jpg,DJI_20260326174236_0001_T\DJI_20260326174236_0001_T_f021600_t000720.00s.jpg,21600,720.00,30.000,1280,1024,646.04
videoTermal\DJI_20260326174236_0001_T.MP4,smoke_dataset\data\frames_thermal_batch_01\DJI_20260326174236_0001_T\DJI_20260326174236_0001_T_f021660_t000722.00s.jpg,DJI_20260326174236_0001_T\DJI_20260326174236_0001_T_f021660_t000722.00s.jpg,21660,722.00,30.000,1280,1024,624.09
videoTermal\DJI_20260326174236_0001_T.MP4,smoke_dataset\data\frames_thermal_batch_01\DJI_20260326174236_0001_T\DJI_20260326174236_0001_T_f021720_t000724.00s.jpg,DJI_20260326174236_0001_T\DJI_20260326174236_0001_T_f021720_t000724.00s.jpg,21720,724.00,30.000,1280,1024,627.81
videoTermal\DJI_20260326174236_0001_T.MP4,smoke_dataset\data\frames_thermal_batch_01\DJI_20260326174236_0001_T\DJI_20260326174236_0001_T_f021780_t000726.00s.jpg,DJI_20260326174236_0001_T\DJI_20260326174236_0001_T_f021780_t000726.00s.jpg,21780,726.00,30.000,1280,1024,624.55
videoTermal\DJI_20260326174236_0001_T.MP4,smoke_dataset\data\frames_thermal_batch_01\DJI_20260326174236_0001_T\DJI_20260326174236_0001_T_f021840_t000728.00s.jpg,DJI_20260326174236_0001_T\DJI_20260326174236_0001_T_f021840_t000728.00s.jpg,21840,728.00,30.000,1280,1024,697.13
videoTermal\DJI_20260326174236_0001_T.MP4,smoke_dataset\data\frames_thermal_batch_01\DJI_20260326174236_0001_T\DJI_20260326174236_0001_T_f021900_t000730.00s.jpg,DJI_20260326174236_0001_T\DJI_20260326174236_0001_T_f021900_t000730.00s.jpg,21900,730.00,30.000,1280,1024,628.10
videoTermal\DJI_20260326174236_0001_T.MP4,smoke_dataset\data\frames_thermal_batch_01\DJI_20260326174236_0001_T\DJI_20260326174236_0001_T_f021960_t000732.00s.jpg,DJI_20260326174236_0001_T\DJI_20260326174236_0001_T_f021960_t000732.00s.jpg,21960,732.00,30.000,1280,1024,621.43
videoTermal\DJI_20260326174236_0001_T.MP4,smoke_dataset\data\frames_thermal_batch_01\DJI_20260326174236_0001_T\DJI_20260326174236_0001_T_f022020_t000734.00s.jpg,DJI_20260326174236_0001_T\DJI_20260326174236_0001_T_f022020_t000734.00s.jpg,22020,734.00,30.000,1280,1024,621.47
videoTermal\DJI_20260326174236_0001_T.MP4,smoke_dataset\data\frames_thermal_batch_01\DJI_20260326174236_0001_T\DJI_20260326174236_0001_T_f022080_t000736.00s.jpg,DJI_20260326174236_0001_T\DJI_20260326174236_0001_T_f022080_t000736.00s.jpg,22080,736.00,30.000,1280,1024,622.06
videoTermal\DJI_20260326174236_0001_T.MP4,smoke_dataset\data\frames_thermal_batch_01\DJI_20260326174236_0001_T\DJI_20260326174236_0001_T_f022140_t000738.00s.jpg,DJI_20260326174236_0001_T\DJI_20260326174236_0001_T_f022140_t000738.00s.jpg,22140,738.00,30.000,1280,1024,630.71
videoTermal\DJI_20260326174236_0001_T.MP4,smoke_dataset\data\frames_thermal_batch_01\DJI_20260326174236_0001_T\DJI_20260326174236_0001_T_f022200_t000740.00s.jpg,DJI_20260326174236_0001_T\DJI_20260326174236_0001_T_f022200_t000740.00s.jpg,22200,740.00,30.000,1280,1024,619.44
videoTermal\DJI_20260326174236_0001_T.MP4,smoke_dataset\data\frames_thermal_batch_01\DJI_20260326174236_0001_T\DJI_20260326174236_0001_T_f022260_t000742.00s.jpg,DJI_20260326174236_0001_T\DJI_20260326174236_0001_T_f022260_t000742.00s.jpg,22260,742.00,30.000,1280,1024,616.71
videoTermal\DJI_20260326174236_0001_T.MP4,smoke_dataset\data\frames_thermal_batch_01\DJI_20260326174236_0001_T\DJI_20260326174236_0001_T_f022320_t000744.00s.jpg,DJI_20260326174236_0001_T\DJI_20260326174236_0001_T_f022320_t000744.00s.jpg,22320,744.00,30.000,1280,1024,618.77
videoTermal\DJI_20260326174236_0001_T.MP4,smoke_dataset\data\frames_thermal_batch_01\DJI_20260326174236_0001_T\DJI_20260326174236_0001_T_f022380_t000746.00s.jpg,DJI_20260326174236_0001_T\DJI_20260326174236_0001_T_f022380_t000746.00s.jpg,22380,746.00,30.000,1280,1024,691.86
videoTermal\DJI_20260326174236_0001_T.MP4,smoke_dataset\data\frames_thermal_batch_01\DJI_20260326174236_0001_T\DJI_20260326174236_0001_T_f022440_t000748.00s.jpg,DJI_20260326174236_0001_T\DJI_20260326174236_0001_T_f022440_t000748.00s.jpg,22440,748.00,30.000,1280,1024,651.43
videoTermal\DJI_20260326174236_0001_T.MP4,smoke_dataset\data\frames_thermal_batch_01\DJI_20260326174236_0001_T\DJI_20260326174236_0001_T_f022560_t000752.00s.jpg,DJI_20260326174236_0001_T\DJI_20260326174236_0001_T_f022560_t000752.00s.jpg,22560,752.00,30.000,1280,1024,649.17
videoTermal\DJI_20260326174236_0001_T.MP4,smoke_dataset\data\frames_thermal_batch_01\DJI_20260326174236_0001_T\DJI_20260326174236_0001_T_f022680_t000756.00s.jpg,DJI_20260326174236_0001_T\DJI_20260326174236_0001_T_f022680_t000756.00s.jpg,22680,756.00,30.000,1280,1024,646.76
